word;sentiment
abandon;Negative
abandoned;Negative
abandoning;Negative
abandonment;Negative
abandonments;Negative
abandons;Negative
abdicated;Negative
abdicates;Negative
abdicating;Negative
abdication;Negative
abdications;Negative
aberrant;Negative
aberration;Negative
aberrational;Negative
aberrations;Negative
abetting;Negative
abnormal;Negative
abnormalities;Negative
abnormality;Negative
abnormally;Negative
abolish;Negative
abolished;Negative
abolishes;Negative
abolishing;Negative
abrogate;Negative
abrogated;Negative
abrogates;Negative
abrogating;Negative
abrogation;Negative
abrogations;Negative
abrupt;Negative
abruptly;Negative
abruptness;Negative
absence;Negative
absences;Negative
absenteeism;Negative
abuse;Negative
abused;Negative
abuses;Negative
abusing;Negative
abusive;Negative
abusively;Negative
abusiveness;Negative
accident;Negative
accidental;Negative
accidentally;Negative
accidents;Negative
accusation;Negative
accusations;Negative
accuse;Negative
accused;Negative
accuses;Negative
accusing;Negative
acquiesce;Negative
acquiesced;Negative
acquiesces;Negative
acquiescing;Negative
acquit;Negative
acquits;Negative
acquittal;Negative
acquittals;Negative
acquitted;Negative
acquitting;Negative
adulterate;Negative
adulterated;Negative
adulterating;Negative
adulteration;Negative
adulterations;Negative
adversarial;Negative
adversaries;Negative
adversary;Negative
adverse;Negative
adversely;Negative
adversities;Negative
adversity;Negative
aftermath;Negative
aftermaths;Negative
against;Negative
aggravate;Negative
aggravated;Negative
aggravates;Negative
aggravating;Negative
aggravation;Negative
aggravations;Negative
alerted;Negative
alerting;Negative
alienate;Negative
alienated;Negative
alienates;Negative
alienating;Negative
alienation;Negative
alienations;Negative
allegation;Negative
allegations;Negative
allege;Negative
alleged;Negative
allegedly;Negative
alleges;Negative
alleging;Negative
annoy;Negative
annoyance;Negative
annoyances;Negative
annoyed;Negative
annoying;Negative
annoys;Negative
annul;Negative
annulled;Negative
annulling;Negative
annulment;Negative
annulments;Negative
annuls;Negative
anomalies;Negative
anomalous;Negative
anomalously;Negative
anomaly;Negative
anticompetitive;Negative
antitrust;Negative
argue;Negative
argued;Negative
arguing;Negative
argument;Negative
argumentative;Negative
arguments;Negative
arrearage;Negative
arrearages;Negative
arrears;Negative
arrest;Negative
arrested;Negative
arrests;Negative
artificially;Negative
assault;Negative
assaulted;Negative
assaulting;Negative
assaults;Negative
assertions;Negative
attrition;Negative
aversely;Negative
backdating;Negative
bad;Negative
bail;Negative
bailout;Negative
balk;Negative
balked;Negative
bankrupt;Negative
bankruptcies;Negative
bankruptcy;Negative
bankrupted;Negative
bankrupting;Negative
bankrupts;Negative
bans;Negative
barred;Negative
barrier;Negative
barriers;Negative
bottleneck;Negative
bottlenecks;Negative
boycott;Negative
boycotted;Negative
boycotting;Negative
boycotts;Negative
breach;Negative
breached;Negative
breaches;Negative
breaching;Negative
breakage;Negative
breakages;Negative
breakdown;Negative
breakdowns;Negative
breaking;Negative
breaks;Negative
bribe;Negative
bribed;Negative
briberies;Negative
bribery;Negative
bribes;Negative
bribing;Negative
bridge;Negative
broken;Negative
burden;Negative
burdened;Negative
burdening;Negative
burdens;Negative
burdensome;Negative
burned;Negative
calamities;Negative
calamitous;Negative
calamity;Negative
cancel;Negative
canceled;Negative
canceling;Negative
cancellation;Negative
cancellations;Negative
cancelled;Negative
cancelling;Negative
cancels;Negative
careless;Negative
carelessly;Negative
carelessness;Negative
catastrophe;Negative
catastrophes;Negative
catastrophic;Negative
catastrophically;Negative
caution;Negative
cautionary;Negative
cautioned;Negative
cautioning;Negative
cautions;Negative
cease;Negative
ceased;Negative
ceases;Negative
ceasing;Negative
censure;Negative
censured;Negative
censures;Negative
censuring;Negative
challenge;Negative
challenged;Negative
challenges;Negative
challenging;Negative
chargeoffs;Negative
circumvent;Negative
circumvented;Negative
circumventing;Negative
circumvention;Negative
circumventions;Negative
circumvents;Negative
claiming;Negative
claims;Negative
clawback;Negative
closeout;Negative
closeouts;Negative
closings;Negative
closure;Negative
closures;Negative
coerce;Negative
coerced;Negative
coerces;Negative
coercing;Negative
coercion;Negative
coercive;Negative
collapse;Negative
collapsed;Negative
collapses;Negative
collapsing;Negative
collision;Negative
collisions;Negative
collude;Negative
colluded;Negative
colludes;Negative
colluding;Negative
collusion;Negative
collusions;Negative
collusive;Negative
complain;Negative
complained;Negative
complaining;Negative
complains;Negative
complaint;Negative
complaints;Negative
complicate;Negative
complicated;Negative
complicates;Negative
complicating;Negative
complication;Negative
complications;Negative
compulsion;Negative
concealed;Negative
concealing;Negative
concede;Negative
conceded;Negative
concedes;Negative
conceding;Negative
concern;Negative
concerned;Negative
concerns;Negative
conciliating;Negative
conciliation;Negative
conciliations;Negative
condemn;Negative
condemnation;Negative
condemnations;Negative
condemned;Negative
condemning;Negative
condemns;Negative
condone;Negative
condoned;Negative
confess;Negative
confessed;Negative
confesses;Negative
confessing;Negative
confession;Negative
confine;Negative
confined;Negative
confinement;Negative
confinements;Negative
confines;Negative
confining;Negative
confiscate;Negative
confiscated;Negative
confiscates;Negative
confiscating;Negative
confiscation;Negative
confiscations;Negative
conflict;Negative
conflicted;Negative
conflicting;Negative
conflicts;Negative
confront;Negative
confrontation;Negative
confrontational;Negative
confrontations;Negative
confronted;Negative
confronting;Negative
confronts;Negative
confuse;Negative
confused;Negative
confuses;Negative
confusing;Negative
confusingly;Negative
confusion;Negative
conspiracies;Negative
conspiracy;Negative
conspirator;Negative
conspiratorial;Negative
conspirators;Negative
conspire;Negative
conspired;Negative
conspires;Negative
conspiring;Negative
contempt;Negative
contend;Negative
contended;Negative
contending;Negative
contends;Negative
contention;Negative
contentions;Negative
contentious;Negative
contentiously;Negative
contested;Negative
contesting;Negative
contraction;Negative
contractions;Negative
contradict;Negative
contradicted;Negative
contradicting;Negative
contradiction;Negative
contradictions;Negative
contradictory;Negative
contradicts;Negative
contrary;Negative
controversial;Negative
controversies;Negative
controversy;Negative
convict;Negative
convicted;Negative
convicting;Negative
conviction;Negative
convictions;Negative
corrected;Negative
correcting;Negative
correction;Negative
corrections;Negative
corrects;Negative
corrupt;Negative
corrupted;Negative
corrupting;Negative
corruption;Negative
corruptions;Negative
corruptly;Negative
corruptness;Negative
costly;Negative
counterclaim;Negative
counterclaimed;Negative
counterclaiming;Negative
counterclaims;Negative
counterfeit;Negative
counterfeited;Negative
counterfeiter;Negative
counterfeiters;Negative
counterfeiting;Negative
counterfeits;Negative
countermeasure;Negative
countermeasures;Negative
crime;Negative
crimes;Negative
criminal;Negative
criminally;Negative
criminals;Negative
crises;Negative
crisis;Negative
critical;Negative
critically;Negative
criticism;Negative
criticisms;Negative
criticize;Negative
criticized;Negative
criticizes;Negative
criticizing;Negative
crucial;Negative
crucially;Negative
culpability;Negative
culpable;Negative
culpably;Negative
cumbersome;Negative
curtail;Negative
curtailed;Negative
curtailing;Negative
curtailment;Negative
curtailments;Negative
curtails;Negative
cut;Negative
cutback;Negative
cutbacks;Negative
cyberattack;Negative
cyberattacks;Negative
cyberbullying;Negative
cybercrime;Negative
cybercrimes;Negative
cybercriminal;Negative
cybercriminals;Negative
damage;Negative
damaged;Negative
damages;Negative
damaging;Negative
dampen;Negative
dampened;Negative
danger;Negative
dangerous;Negative
dangerously;Negative
dangers;Negative
deadlock;Negative
deadlocked;Negative
deadlocking;Negative
deadlocks;Negative
deadweight;Negative
deadweights;Negative
debarment;Negative
debarments;Negative
debarred;Negative
deceased;Negative
deceit;Negative
deceitful;Negative
deceitfulness;Negative
deceive;Negative
deceived;Negative
deceives;Negative
deceiving;Negative
deception;Negative
deceptions;Negative
deceptive;Negative
deceptively;Negative
decline;Negative
declined;Negative
declines;Negative
declining;Negative
deface;Negative
defaced;Negative
defacement;Negative
defamation;Negative
defamations;Negative
defamatory;Negative
defame;Negative
defamed;Negative
defames;Negative
defaming;Negative
default;Negative
defaulted;Negative
defaulting;Negative
defaults;Negative
defeat;Negative
defeated;Negative
defeating;Negative
defeats;Negative
defect;Negative
defective;Negative
defects;Negative
defend;Negative
defendant;Negative
defendants;Negative
defended;Negative
defending;Negative
defends;Negative
defensive;Negative
defer;Negative
deficiencies;Negative
deficiency;Negative
deficient;Negative
deficit;Negative
deficits;Negative
defraud;Negative
defrauded;Negative
defrauding;Negative
defrauds;Negative
defunct;Negative
degradation;Negative
degradations;Negative
degrade;Negative
degraded;Negative
degrades;Negative
degrading;Negative
delay;Negative
delayed;Negative
delaying;Negative
delays;Negative
deleterious;Negative
deliberate;Negative
deliberated;Negative
deliberately;Negative
delinquencies;Negative
delinquency;Negative
delinquent;Negative
delinquently;Negative
delinquents;Negative
delist;Negative
delisted;Negative
delisting;Negative
delists;Negative
demise;Negative
demised;Negative
demises;Negative
demising;Negative
demolish;Negative
demolished;Negative
demolishes;Negative
demolishing;Negative
demolition;Negative
demolitions;Negative
demote;Negative
demoted;Negative
demotes;Negative
demoting;Negative
demotion;Negative
demotions;Negative
denial;Negative
denials;Negative
denied;Negative
denies;Negative
denigrate;Negative
denigrated;Negative
denigrates;Negative
denigrating;Negative
denigration;Negative
deny;Negative
denying;Negative
deplete;Negative
depleted;Negative
depletes;Negative
depleting;Negative
depletion;Negative
depletions;Negative
deprecation;Negative
depress;Negative
depressed;Negative
depresses;Negative
depressing;Negative
deprivation;Negative
deprive;Negative
deprived;Negative
deprives;Negative
depriving;Negative
derelict;Negative
dereliction;Negative
derogatory;Negative
destabilization;Negative
destabilize;Negative
destabilized;Negative
destabilizing;Negative
destroy;Negative
destroyed;Negative
destroying;Negative
destroys;Negative
destruction;Negative
destructive;Negative
detain;Negative
detained;Negative
detention;Negative
detentions;Negative
deter;Negative
deteriorate;Negative
deteriorated;Negative
deteriorates;Negative
deteriorating;Negative
deterioration;Negative
deteriorations;Negative
deterred;Negative
deterrence;Negative
deterrences;Negative
deterrent;Negative
deterrents;Negative
deterring;Negative
deters;Negative
detract;Negative
detracted;Negative
detracting;Negative
detriment;Negative
detrimental;Negative
detrimentally;Negative
detriments;Negative
devalue;Negative
devalued;Negative
devalues;Negative
devaluing;Negative
devastate;Negative
devastated;Negative
devastating;Negative
devastation;Negative
deviate;Negative
deviated;Negative
deviates;Negative
deviating;Negative
deviation;Negative
deviations;Negative
devolve;Negative
devolved;Negative
devolves;Negative
devolving;Negative
difficult;Negative
difficulties;Negative
difficultly;Negative
difficulty;Negative
diminish;Negative
diminished;Negative
diminishes;Negative
diminishing;Negative
diminution;Negative
disadvantage;Negative
disadvantaged;Negative
disadvantageous;Negative
disadvantages;Negative
disaffiliation;Negative
disagree;Negative
disagreeable;Negative
disagreed;Negative
disagreeing;Negative
disagreement;Negative
disagreements;Negative
disagrees;Negative
disallow;Negative
disallowance;Negative
disallowances;Negative
disallowed;Negative
disallowing;Negative
disallows;Negative
disappear;Negative
disappearance;Negative
disappearances;Negative
disappeared;Negative
disappearing;Negative
disappears;Negative
disappoint;Negative
disappointed;Negative
disappointing;Negative
disappointingly;Negative
disappointment;Negative
disappointments;Negative
disappoints;Negative
disapproval;Negative
disapprovals;Negative
disapprove;Negative
disapproved;Negative
disapproves;Negative
disapproving;Negative
disassociates;Negative
disassociating;Negative
disassociation;Negative
disassociations;Negative
disaster;Negative
disasters;Negative
disastrous;Negative
disastrously;Negative
disavow;Negative
disavowal;Negative
disavowed;Negative
disavowing;Negative
disavows;Negative
disciplinary;Negative
disclaim;Negative
disclaimed;Negative
disclaimer;Negative
disclaimers;Negative
disclaiming;Negative
disclaims;Negative
disclose;Negative
disclosed;Negative
discloses;Negative
disclosing;Negative
discontinuance;Negative
discontinuances;Negative
discontinuation;Negative
discontinuations;Negative
discontinue;Negative
discontinued;Negative
discontinues;Negative
discontinuing;Negative
discourage;Negative
discouraged;Negative
discourages;Negative
discouraging;Negative
discredit;Negative
discredited;Negative
discrediting;Negative
discredits;Negative
discrepancies;Negative
discrepancy;Negative
disfavor;Negative
disfavored;Negative
disfavoring;Negative
disfavors;Negative
disgorge;Negative
disgorged;Negative
disgorgement;Negative
disgorgements;Negative
disgorges;Negative
disgorging;Negative
disgrace;Negative
disgraceful;Negative
disgracefully;Negative
dishonest;Negative
dishonestly;Negative
dishonesty;Negative
dishonor;Negative
dishonorable;Negative
dishonorably;Negative
dishonored;Negative
dishonoring;Negative
dishonors;Negative
disincentives;Negative
disinterested;Negative
disinterestedly;Negative
disinterestedness;Negative
disloyal;Negative
disloyally;Negative
disloyalty;Negative
dismal;Negative
dismally;Negative
dismiss;Negative
dismissal;Negative
dismissals;Negative
dismissed;Negative
dismisses;Negative
dismissing;Negative
disorderly;Negative
disparage;Negative
disparaged;Negative
disparagement;Negative
disparagements;Negative
disparages;Negative
disparaging;Negative
disparagingly;Negative
disparities;Negative
disparity;Negative
displace;Negative
displaced;Negative
displacement;Negative
displacements;Negative
displaces;Negative
displacing;Negative
dispose;Negative
dispossess;Negative
dispossessed;Negative
dispossesses;Negative
dispossessing;Negative
disproportion;Negative
disproportional;Negative
disproportionate;Negative
disproportionately;Negative
dispute;Negative
disputed;Negative
disputes;Negative
disputing;Negative
disqualification;Negative
disqualifications;Negative
disqualified;Negative
disqualifies;Negative
disqualify;Negative
disqualifying;Negative
disregard;Negative
disregarded;Negative
disregarding;Negative
disregards;Negative
disreputable;Negative
disrepute;Negative
disrupt;Negative
disrupted;Negative
disrupting;Negative
disruption;Negative
disruptions;Negative
disruptive;Negative
disrupts;Negative
dissatisfaction;Negative
dissatisfied;Negative
dissent;Negative
dissented;Negative
dissenter;Negative
dissenters;Negative
dissenting;Negative
dissents;Negative
dissident;Negative
dissidents;Negative
dissolution;Negative
dissolutions;Negative
distort;Negative
distorted;Negative
distorting;Negative
distortion;Negative
distortions;Negative
distorts;Negative
distract;Negative
distracted;Negative
distracting;Negative
distraction;Negative
distractions;Negative
distracts;Negative
distress;Negative
distressed;Negative
disturb;Negative
disturbance;Negative
disturbances;Negative
disturbed;Negative
disturbing;Negative
disturbs;Negative
diversion;Negative
divert;Negative
diverted;Negative
diverting;Negative
diverts;Negative
divest;Negative
divested;Negative
divesting;Negative
divestiture;Negative
divestitures;Negative
divestment;Negative
divestments;Negative
divests;Negative
divorce;Negative
divorced;Negative
divulge;Negative
divulged;Negative
divulges;Negative
divulging;Negative
doubt;Negative
doubted;Negative
doubtful;Negative
doubts;Negative
downgrade;Negative
downgraded;Negative
downgrades;Negative
downgrading;Negative
downsize;Negative
downsized;Negative
downsizes;Negative
downsizing;Negative
downsizings;Negative
downtime;Negative
downtimes;Negative
downturn;Negative
downturns;Negative
downward;Negative
downwards;Negative
drag;Negative
drastic;Negative
drastically;Negative
drawback;Negative
drawbacks;Negative
dropped;Negative
drought;Negative
droughts;Negative
duress;Negative
dysfunction;Negative
dysfunctional;Negative
dysfunctions;Negative
easing;Negative
egregious;Negative
egregiously;Negative
embargo;Negative
embargoed;Negative
embargoes;Negative
embargoing;Negative
embarrass;Negative
embarrassed;Negative
embarrasses;Negative
embarrassing;Negative
embarrassment;Negative
embarrassments;Negative
embezzle;Negative
embezzled;Negative
embezzlement;Negative
embezzlements;Negative
embezzler;Negative
embezzles;Negative
embezzling;Negative
encroach;Negative
encroached;Negative
encroaches;Negative
encroaching;Negative
encroachment;Negative
encroachments;Negative
encumber;Negative
encumbered;Negative
encumbering;Negative
encumbers;Negative
encumbrance;Negative
encumbrances;Negative
endanger;Negative
endangered;Negative
endangering;Negative
endangerment;Negative
endangers;Negative
enjoin;Negative
enjoined;Negative
enjoining;Negative
enjoins;Negative
erode;Negative
eroded;Negative
erodes;Negative
eroding;Negative
erosion;Negative
erratic;Negative
erratically;Negative
erred;Negative
erring;Negative
erroneous;Negative
erroneously;Negative
error;Negative
errors;Negative
errs;Negative
escalate;Negative
escalated;Negative
escalates;Negative
escalating;Negative
evade;Negative
evaded;Negative
evades;Negative
evading;Negative
evasion;Negative
evasions;Negative
evasive;Negative
evict;Negative
evicted;Negative
evicting;Negative
eviction;Negative
evictions;Negative
evicts;Negative
exacerbate;Negative
exacerbated;Negative
exacerbates;Negative
exacerbating;Negative
exacerbation;Negative
exacerbations;Negative
exaggerate;Negative
exaggerated;Negative
exaggerates;Negative
exaggerating;Negative
exaggeration;Negative
excessive;Negative
excessively;Negative
exculpate;Negative
exculpated;Negative
exculpates;Negative
exculpating;Negative
exculpation;Negative
exculpations;Negative
exculpatory;Negative
exonerate;Negative
exonerated;Negative
exonerates;Negative
exonerating;Negative
exoneration;Negative
exonerations;Negative
exploit;Negative
exploitation;Negative
exploitations;Negative
exploitative;Negative
exploited;Negative
exploiting;Negative
exploits;Negative
expose;Negative
exposed;Negative
exposes;Negative
exposing;Negative
expropriate;Negative
expropriated;Negative
expropriates;Negative
expropriating;Negative
expropriation;Negative
expropriations;Negative
expulsion;Negative
expulsions;Negative
extenuating;Negative
fail;Negative
failed;Negative
failing;Negative
failings;Negative
fails;Negative
failure;Negative
failures;Negative
fallout;Negative
false;Negative
falsely;Negative
falsification;Negative
falsifications;Negative
falsified;Negative
falsifies;Negative
falsify;Negative
falsifying;Negative
falsity;Negative
fatalities;Negative
fatality;Negative
fatally;Negative
fault;Negative
faulted;Negative
faults;Negative
faulty;Negative
fear;Negative
fears;Negative
felonies;Negative
felonious;Negative
felony;Negative
fictitious;Negative
fined;Negative
fines;Negative
fired;Negative
firing;Negative
flaw;Negative
flawed;Negative
flaws;Negative
forbid;Negative
forbidden;Negative
forbidding;Negative
forbids;Negative
force;Negative
forced;Negative
forcing;Negative
foreclose;Negative
foreclosed;Negative
forecloses;Negative
foreclosing;Negative
foreclosure;Negative
foreclosures;Negative
forego;Negative
foregoes;Negative
foregone;Negative
forestall;Negative
forestalled;Negative
forestalling;Negative
forestalls;Negative
forfeit;Negative
forfeited;Negative
forfeiting;Negative
forfeits;Negative
forfeiture;Negative
forfeitures;Negative
forgers;Negative
forgery;Negative
fraud;Negative
frauds;Negative
fraudulence;Negative
fraudulent;Negative
fraudulently;Negative
frivolous;Negative
frivolously;Negative
frustrate;Negative
frustrated;Negative
frustrates;Negative
frustrating;Negative
frustratingly;Negative
frustration;Negative
frustrations;Negative
fugitive;Negative
fugitives;Negative
gratuitous;Negative
gratuitously;Negative
grievance;Negative
grievances;Negative
grossly;Negative
groundless;Negative
guilty;Negative
halt;Negative
halted;Negative
hamper;Negative
hampered;Negative
hampering;Negative
hampers;Negative
harass;Negative
harassed;Negative
harassing;Negative
harassment;Negative
hardship;Negative
hardships;Negative
harm;Negative
harmed;Negative
harmful;Negative
harmfully;Negative
harming;Negative
harms;Negative
harsh;Negative
harsher;Negative
harshest;Negative
harshly;Negative
harshness;Negative
hazard;Negative
hazardous;Negative
hazards;Negative
hinder;Negative
hindered;Negative
hindering;Negative
hinders;Negative
hindrance;Negative
hindrances;Negative
hostile;Negative
hostility;Negative
hurt;Negative
hurting;Negative
idle;Negative
idled;Negative
idling;Negative
ignore;Negative
ignored;Negative
ignores;Negative
ignoring;Negative
ill;Negative
illegal;Negative
illegalities;Negative
illegality;Negative
illegally;Negative
illegible;Negative
illicit;Negative
illicitly;Negative
illiquid;Negative
illiquidity;Negative
imbalance;Negative
imbalances;Negative
immature;Negative
immoral;Negative
impair;Negative
impaired;Negative
impairing;Negative
impairment;Negative
impairments;Negative
impairs;Negative
impasse;Negative
impasses;Negative
impede;Negative
impeded;Negative
impedes;Negative
impediment;Negative
impediments;Negative
impeding;Negative
impending;Negative
imperative;Negative
imperfection;Negative
imperfections;Negative
imperil;Negative
impermissible;Negative
implicate;Negative
implicated;Negative
implicates;Negative
implicating;Negative
impossibility;Negative
impossible;Negative
impound;Negative
impounded;Negative
impounding;Negative
impounds;Negative
impracticable;Negative
impractical;Negative
impracticalities;Negative
impracticality;Negative
imprisonment;Negative
improper;Negative
improperly;Negative
improprieties;Negative
impropriety;Negative
imprudent;Negative
imprudently;Negative
inability;Negative
inaccessible;Negative
inaccuracies;Negative
inaccuracy;Negative
inaccurate;Negative
inaccurately;Negative
inaction;Negative
inactions;Negative
inactivate;Negative
inactivated;Negative
inactivates;Negative
inactivating;Negative
inactivation;Negative
inactivations;Negative
inactivity;Negative
inadequacies;Negative
inadequacy;Negative
inadequate;Negative
inadequately;Negative
inadvertent;Negative
inadvertently;Negative
inadvisability;Negative
inadvisable;Negative
inappropriate;Negative
inappropriately;Negative
inattention;Negative
incapable;Negative
incapacitated;Negative
incapacity;Negative
incarcerate;Negative
incarcerated;Negative
incarcerates;Negative
incarcerating;Negative
incarceration;Negative
incarcerations;Negative
incidence;Negative
incidences;Negative
incident;Negative
incidents;Negative
incompatibilities;Negative
incompatibility;Negative
incompatible;Negative
incompetence;Negative
incompetency;Negative
incompetent;Negative
incompetently;Negative
incompetents;Negative
incomplete;Negative
incompletely;Negative
incompleteness;Negative
inconclusive;Negative
inconsistencies;Negative
inconsistency;Negative
inconsistent;Negative
inconsistently;Negative
inconvenience;Negative
inconveniences;Negative
inconvenient;Negative
incorrect;Negative
incorrectly;Negative
incorrectness;Negative
indecency;Negative
indecent;Negative
indefeasible;Negative
indefeasibly;Negative
indict;Negative
indictable;Negative
indicted;Negative
indicting;Negative
indictment;Negative
indictments;Negative
ineffective;Negative
ineffectively;Negative
ineffectiveness;Negative
inefficiencies;Negative
inefficiency;Negative
inefficient;Negative
inefficiently;Negative
ineligibility;Negative
ineligible;Negative
inequitable;Negative
inequitably;Negative
inequities;Negative
inequity;Negative
inevitable;Negative
inexperience;Negative
inexperienced;Negative
inferior;Negative
inflicted;Negative
infraction;Negative
infractions;Negative
infringe;Negative
infringed;Negative
infringement;Negative
infringements;Negative
infringes;Negative
infringing;Negative
inhibited;Negative
inimical;Negative
injunction;Negative
injunctions;Negative
injure;Negative
injured;Negative
injures;Negative
injuries;Negative
injuring;Negative
injurious;Negative
injury;Negative
inordinate;Negative
inordinately;Negative
inquiry;Negative
insecure;Negative
insensitive;Negative
insolvencies;Negative
insolvency;Negative
insolvent;Negative
instability;Negative
insubordination;Negative
insufficiency;Negative
insufficient;Negative
insufficiently;Negative
insurrection;Negative
insurrections;Negative
intentional;Negative
interfere;Negative
interfered;Negative
interference;Negative
interferences;Negative
interferes;Negative
interfering;Negative
intermittent;Negative
intermittently;Negative
interrupt;Negative
interrupted;Negative
interrupting;Negative
interruption;Negative
interruptions;Negative
interrupts;Negative
intimidation;Negative
intrusion;Negative
invalid;Negative
invalidate;Negative
invalidated;Negative
invalidates;Negative
invalidating;Negative
invalidation;Negative
invalidity;Negative
investigate;Negative
investigated;Negative
investigates;Negative
investigating;Negative
investigation;Negative
investigations;Negative
involuntarily;Negative
involuntary;Negative
irreconcilable;Negative
irreconcilably;Negative
irrecoverable;Negative
irrecoverably;Negative
irregular;Negative
irregularities;Negative
irregularity;Negative
irregularly;Negative
irreparable;Negative
irreparably;Negative
irreversible;Negative
jeopardize;Negative
jeopardized;Negative
justifiable;Negative
kickback;Negative
kickbacks;Negative
knowingly;Negative
lack;Negative
lacked;Negative
lacking;Negative
lackluster;Negative
lacks;Negative
lag;Negative
lagged;Negative
lagging;Negative
lags;Negative
lapse;Negative
lapsed;Negative
lapses;Negative
lapsing;Negative
late;Negative
laundering;Negative
layoff;Negative
layoffs;Negative
lie;Negative
limitation;Negative
limitations;Negative
lingering;Negative
liquidate;Negative
liquidated;Negative
liquidates;Negative
liquidating;Negative
liquidation;Negative
liquidations;Negative
liquidator;Negative
liquidators;Negative
litigant;Negative
litigants;Negative
litigate;Negative
litigated;Negative
litigates;Negative
litigating;Negative
litigation;Negative
litigations;Negative
lockout;Negative
lockouts;Negative
lose;Negative
loses;Negative
losing;Negative
loss;Negative
losses;Negative
lost;Negative
lying;Negative
malfeasance;Negative
malfunction;Negative
malfunctioned;Negative
malfunctioning;Negative
malfunctions;Negative
malice;Negative
malicious;Negative
maliciously;Negative
malpractice;Negative
manipulate;Negative
manipulated;Negative
manipulates;Negative
manipulating;Negative
manipulation;Negative
manipulations;Negative
manipulative;Negative
markdown;Negative
markdowns;Negative
misapplication;Negative
misapplications;Negative
misapplied;Negative
misapplies;Negative
misapply;Negative
misapplying;Negative
misappropriate;Negative
misappropriated;Negative
misappropriates;Negative
misappropriating;Negative
misappropriation;Negative
misappropriations;Negative
misbranded;Negative
miscalculate;Negative
miscalculated;Negative
miscalculates;Negative
miscalculating;Negative
miscalculation;Negative
miscalculations;Negative
mischaracterization;Negative
mischief;Negative
misclassification;Negative
misclassifications;Negative
misclassified;Negative
misclassify;Negative
miscommunication;Negative
misconduct;Negative
misdated;Negative
misdemeanor;Negative
misdemeanors;Negative
misdirected;Negative
mishandle;Negative
mishandled;Negative
mishandles;Negative
mishandling;Negative
misinform;Negative
misinformation;Negative
misinformed;Negative
misinforming;Negative
misinforms;Negative
misinterpret;Negative
misinterpretation;Negative
misinterpretations;Negative
misinterpreted;Negative
misinterpreting;Negative
misinterprets;Negative
misjudge;Negative
misjudged;Negative
misjudges;Negative
misjudging;Negative
misjudgment;Negative
misjudgments;Negative
mislabel;Negative
mislabeled;Negative
mislabeling;Negative
mislabelled;Negative
mislabels;Negative
mislead;Negative
misleading;Negative
misleadingly;Negative
misleads;Negative
misled;Negative
mismanage;Negative
mismanaged;Negative
mismanagement;Negative
mismanages;Negative
mismanaging;Negative
mismatch;Negative
mismatched;Negative
mismatches;Negative
mismatching;Negative
misplaced;Negative
misprice;Negative
mispricing;Negative
mispricings;Negative
misrepresent;Negative
misrepresentation;Negative
misrepresentations;Negative
misrepresented;Negative
misrepresenting;Negative
misrepresents;Negative
miss;Negative
missed;Negative
misses;Negative
misstate;Negative
misstated;Negative
misstatement;Negative
misstatements;Negative
misstates;Negative
misstating;Negative
misstep;Negative
missteps;Negative
mistake;Negative
mistaken;Negative
mistakenly;Negative
mistakes;Negative
mistaking;Negative
mistrial;Negative
mistrials;Negative
misunderstand;Negative
misunderstanding;Negative
misunderstandings;Negative
misunderstood;Negative
misuse;Negative
misused;Negative
misuses;Negative
misusing;Negative
monopolistic;Negative
monopolists;Negative
monopolization;Negative
monopolize;Negative
monopolized;Negative
monopolizes;Negative
monopolizing;Negative
monopoly;Negative
moratoria;Negative
moratorium;Negative
moratoriums;Negative
mothballed;Negative
mothballing;Negative
negative;Negative
negatively;Negative
negatives;Negative
neglect;Negative
neglected;Negative
neglectful;Negative
neglecting;Negative
neglects;Negative
negligence;Negative
negligences;Negative
negligent;Negative
negligently;Negative
nonattainment;Negative
noncompetitive;Negative
noncompliance;Negative
noncompliances;Negative
noncompliant;Negative
noncomplying;Negative
nonconforming;Negative
nonconformities;Negative
nonconformity;Negative
nondisclosure;Negative
nonfunctional;Negative
nonpayment;Negative
nonpayments;Negative
nonperformance;Negative
nonperformances;Negative
nonperforming;Negative
nonproducing;Negative
nonproductive;Negative
nonrecoverable;Negative
nonrenewal;Negative
nuisance;Negative
nuisances;Negative
nullification;Negative
nullifications;Negative
nullified;Negative
nullifies;Negative
nullify;Negative
nullifying;Negative
objected;Negative
objecting;Negative
objection;Negative
objectionable;Negative
objectionably;Negative
objections;Negative
obscene;Negative
obscenity;Negative
obsolescence;Negative
obsolete;Negative
obstacle;Negative
obstacles;Negative
obstruct;Negative
obstructed;Negative
obstructing;Negative
obstruction;Negative
obstructions;Negative
offence;Negative
offences;Negative
offend;Negative
offended;Negative
offender;Negative
offenders;Negative
offending;Negative
offends;Negative
omission;Negative
omissions;Negative
omit;Negative
omits;Negative
omitted;Negative
omitting;Negative
onerous;Negative
opportunistic;Negative
opportunistically;Negative
oppose;Negative
opposed;Negative
opposes;Negative
opposing;Negative
opposition;Negative
oppositions;Negative
outage;Negative
outages;Negative
outdated;Negative
outmoded;Negative
overage;Negative
overages;Negative
overbuild;Negative
overbuilding;Negative
overbuilds;Negative
overbuilt;Negative
overburden;Negative
overburdened;Negative
overburdening;Negative
overcapacities;Negative
overcapacity;Negative
overcharge;Negative
overcharged;Negative
overcharges;Negative
overcharging;Negative
overcome;Negative
overcomes;Negative
overcoming;Negative
overdue;Negative
overestimate;Negative
overestimated;Negative
overestimates;Negative
overestimating;Negative
overestimation;Negative
overestimations;Negative
overload;Negative
overloaded;Negative
overloading;Negative
overloads;Negative
overlook;Negative
overlooked;Negative
overlooking;Negative
overlooks;Negative
overpaid;Negative
overpayment;Negative
overpayments;Negative
overproduced;Negative
overproduces;Negative
overproducing;Negative
overproduction;Negative
overrun;Negative
overrunning;Negative
overruns;Negative
overshadow;Negative
overshadowed;Negative
overshadowing;Negative
overshadows;Negative
overstate;Negative
overstated;Negative
overstatement;Negative
overstatements;Negative
overstates;Negative
overstating;Negative
oversupplied;Negative
oversupplies;Negative
oversupply;Negative
oversupplying;Negative
overtly;Negative
overturn;Negative
overturned;Negative
overturning;Negative
overturns;Negative
overvalue;Negative
overvalued;Negative
overvaluing;Negative
panic;Negative
panics;Negative
penalize;Negative
penalized;Negative
penalizes;Negative
penalizing;Negative
penalties;Negative
penalty;Negative
peril;Negative
perils;Negative
perjury;Negative
perpetrate;Negative
perpetrated;Negative
perpetrates;Negative
perpetrating;Negative
perpetration;Negative
persist;Negative
persisted;Negative
persistence;Negative
persistent;Negative
persistently;Negative
persisting;Negative
persists;Negative
pervasive;Negative
pervasively;Negative
pervasiveness;Negative
petty;Negative
picket;Negative
picketed;Negative
picketing;Negative
plaintiff;Negative
plaintiffs;Negative
plea;Negative
plead;Negative
pleaded;Negative
pleading;Negative
pleadings;Negative
pleads;Negative
pleas;Negative
pled;Negative
poor;Negative
poorly;Negative
poses;Negative
posing;Negative
postpone;Negative
postponed;Negative
postponement;Negative
postponements;Negative
postpones;Negative
postponing;Negative
precipitated;Negative
precipitous;Negative
precipitously;Negative
preclude;Negative
precluded;Negative
precludes;Negative
precluding;Negative
predatory;Negative
prejudice;Negative
prejudiced;Negative
prejudices;Negative
prejudicial;Negative
prejudicing;Negative
premature;Negative
prematurely;Negative
pressing;Negative
pretrial;Negative
preventing;Negative
prevention;Negative
prevents;Negative
problem;Negative
problematic;Negative
problematical;Negative
problems;Negative
prolong;Negative
prolongation;Negative
prolongations;Negative
prolonged;Negative
prolonging;Negative
prolongs;Negative
prone;Negative
prosecute;Negative
prosecuted;Negative
prosecutes;Negative
prosecuting;Negative
prosecution;Negative
prosecutions;Negative
protest;Negative
protested;Negative
protester;Negative
protesters;Negative
protesting;Negative
protestor;Negative
protestors;Negative
protests;Negative
protracted;Negative
protraction;Negative
provoke;Negative
provoked;Negative
provokes;Negative
provoking;Negative
punished;Negative
punishes;Negative
punishing;Negative
punishment;Negative
punishments;Negative
punitive;Negative
purport;Negative
purported;Negative
purportedly;Negative
purporting;Negative
purports;Negative
question;Negative
questionable;Negative
questionably;Negative
questioned;Negative
questioning;Negative
questions;Negative
quit;Negative
quitting;Negative
racketeer;Negative
racketeering;Negative
rationalization;Negative
rationalizations;Negative
rationalize;Negative
rationalized;Negative
rationalizes;Negative
rationalizing;Negative
reassessment;Negative
reassessments;Negative
reassign;Negative
reassigned;Negative
reassigning;Negative
reassignment;Negative
reassignments;Negative
reassigns;Negative
recall;Negative
recalled;Negative
recalling;Negative
recalls;Negative
recession;Negative
recessionary;Negative
recessions;Negative
reckless;Negative
recklessly;Negative
recklessness;Negative
redact;Negative
redacted;Negative
redacting;Negative
redaction;Negative
redactions;Negative
redefault;Negative
redefaulted;Negative
redefaults;Negative
redress;Negative
redressed;Negative
redresses;Negative
redressing;Negative
refusal;Negative
refusals;Negative
refuse;Negative
refused;Negative
refuses;Negative
refusing;Negative
reject;Negative
rejected;Negative
rejecting;Negative
rejection;Negative
rejections;Negative
rejects;Negative
relinquish;Negative
relinquished;Negative
relinquishes;Negative
relinquishing;Negative
relinquishment;Negative
relinquishments;Negative
reluctance;Negative
reluctant;Negative
renegotiate;Negative
renegotiated;Negative
renegotiates;Negative
renegotiating;Negative
renegotiation;Negative
renegotiations;Negative
renounce;Negative
renounced;Negative
renouncement;Negative
renouncements;Negative
renounces;Negative
renouncing;Negative
reparation;Negative
reparations;Negative
repossessed;Negative
repossesses;Negative
repossessing;Negative
repossession;Negative
repossessions;Negative
repudiate;Negative
repudiated;Negative
repudiates;Negative
repudiating;Negative
repudiation;Negative
repudiations;Negative
resign;Negative
resignation;Negative
resignations;Negative
resigned;Negative
resigning;Negative
resigns;Negative
restate;Negative
restated;Negative
restatement;Negative
restatements;Negative
restates;Negative
restating;Negative
restructure;Negative
restructured;Negative
restructures;Negative
restructuring;Negative
restructurings;Negative
retaliate;Negative
retaliated;Negative
retaliates;Negative
retaliating;Negative
retaliation;Negative
retaliations;Negative
retaliatory;Negative
retribution;Negative
retributions;Negative
revocation;Negative
revocations;Negative
revoke;Negative
revoked;Negative
revokes;Negative
revoking;Negative
ridicule;Negative
ridiculed;Negative
ridicules;Negative
ridiculing;Negative
riskier;Negative
riskiest;Negative
risky;Negative
sabotage;Negative
sacrifice;Negative
sacrificed;Negative
sacrifices;Negative
sacrificial;Negative
sacrificing;Negative
scandalous;Negative
scandals;Negative
scrutinize;Negative
scrutinized;Negative
scrutinizes;Negative
scrutinizing;Negative
scrutiny;Negative
secrecy;Negative
seize;Negative
seized;Negative
seizes;Negative
seizing;Negative
sentenced;Negative
sentencing;Negative
serious;Negative
seriously;Negative
seriousness;Negative
setback;Negative
setbacks;Negative
sever;Negative
severe;Negative
severed;Negative
severely;Negative
severities;Negative
severity;Negative
sharply;Negative
shocked;Negative
shortage;Negative
shortages;Negative
shortfall;Negative
shortfalls;Negative
shrinkage;Negative
shrinkages;Negative
shut;Negative
shutdown;Negative
shutdowns;Negative
shuts;Negative
shutting;Negative
slander;Negative
slandered;Negative
slanderous;Negative
slanders;Negative
slippage;Negative
slippages;Negative
slow;Negative
slowdown;Negative
slowdowns;Negative
slowed;Negative
slower;Negative
slowest;Negative
slowing;Negative
slowly;Negative
slowness;Negative
sluggish;Negative
sluggishly;Negative
sluggishness;Negative
solvencies;Negative
solvency;Negative
spam;Negative
spammers;Negative
spamming;Negative
staggering;Negative
stagnant;Negative
stagnate;Negative
stagnated;Negative
stagnates;Negative
stagnating;Negative
stagnation;Negative
standstill;Negative
standstills;Negative
stolen;Negative
stoppage;Negative
stoppages;Negative
stopped;Negative
stopping;Negative
stops;Negative
strain;Negative
strained;Negative
straining;Negative
strains;Negative
stress;Negative
stressed;Negative
stresses;Negative
stressful;Negative
stressing;Negative
stringent;Negative
subjected;Negative
subjecting;Negative
subjection;Negative
subpoena;Negative
subpoenaed;Negative
subpoenas;Negative
substandard;Negative
sue;Negative
sued;Negative
sues;Negative
suffer;Negative
suffered;Negative
suffering;Negative
suffers;Negative
suing;Negative
summoned;Negative
summoning;Negative
summons;Negative
summonses;Negative
susceptibility;Negative
susceptible;Negative
suspect;Negative
suspected;Negative
suspects;Negative
suspend;Negative
suspended;Negative
suspending;Negative
suspends;Negative
suspension;Negative
suspensions;Negative
suspicion;Negative
suspicions;Negative
suspicious;Negative
suspiciously;Negative
taint;Negative
tainted;Negative
tainting;Negative
taints;Negative
tampered;Negative
tense;Negative
terminate;Negative
terminated;Negative
terminates;Negative
terminating;Negative
termination;Negative
terminations;Negative
testify;Negative
testifying;Negative
threat;Negative
threaten;Negative
threatened;Negative
threatening;Negative
threatens;Negative
threats;Negative
tightening;Negative
tolerate;Negative
tolerated;Negative
tolerates;Negative
tolerating;Negative
toleration;Negative
tortuous;Negative
tortuously;Negative
tragedies;Negative
tragedy;Negative
tragic;Negative
tragically;Negative
traumatic;Negative
trouble;Negative
troubled;Negative
troubles;Negative
turbulence;Negative
turmoil;Negative
unable;Negative
unacceptable;Negative
unacceptably;Negative
unaccounted;Negative
unannounced;Negative
unanticipated;Negative
unapproved;Negative
unattractive;Negative
unauthorized;Negative
unavailability;Negative
unavailable;Negative
unavoidable;Negative
unavoidably;Negative
unaware;Negative
uncollectable;Negative
uncollected;Negative
uncollectibility;Negative
uncollectible;Negative
uncollectibles;Negative
uncompetitive;Negative
uncompleted;Negative
unconscionable;Negative
unconscionably;Negative
uncontrollable;Negative
uncontrollably;Negative
uncontrolled;Negative
uncorrected;Negative
uncover;Negative
uncovered;Negative
uncovering;Negative
uncovers;Negative
undeliverable;Negative
undelivered;Negative
undercapitalized;Negative
undercut;Negative
undercuts;Negative
undercutting;Negative
underestimate;Negative
underestimated;Negative
underestimates;Negative
underestimating;Negative
underestimation;Negative
underfunded;Negative
underinsured;Negative
undermine;Negative
undermined;Negative
undermines;Negative
undermining;Negative
underpaid;Negative
underpayment;Negative
underpayments;Negative
underpays;Negative
underperform;Negative
underperformance;Negative
underperformed;Negative
underperforming;Negative
underperforms;Negative
underproduced;Negative
underproduction;Negative
underreporting;Negative
understate;Negative
understated;Negative
understatement;Negative
understatements;Negative
understates;Negative
understating;Negative
underutilization;Negative
underutilized;Negative
undesirable;Negative
undesired;Negative
undetected;Negative
undetermined;Negative
undisclosed;Negative
undocumented;Negative
undue;Negative
unduly;Negative
uneconomic;Negative
uneconomical;Negative
uneconomically;Negative
unemployed;Negative
unemployment;Negative
unethical;Negative
unethically;Negative
unexcused;Negative
unexpected;Negative
unexpectedly;Negative
unfair;Negative
unfairly;Negative
unfavorability;Negative
unfavorable;Negative
unfavorably;Negative
unfavourable;Negative
unfeasible;Negative
unfit;Negative
unfitness;Negative
unforeseeable;Negative
unforeseen;Negative
unforseen;Negative
unfortunate;Negative
unfortunately;Negative
unfounded;Negative
unfriendly;Negative
unfulfilled;Negative
unfunded;Negative
uninsured;Negative
unintended;Negative
unintentional;Negative
unintentionally;Negative
unjust;Negative
unjustifiable;Negative
unjustifiably;Negative
unjustified;Negative
unjustly;Negative
unknowing;Negative
unknowingly;Negative
unlawful;Negative
unlawfully;Negative
unlicensed;Negative
unliquidated;Negative
unmarketable;Negative
unmerchantable;Negative
unmeritorious;Negative
unnecessarily;Negative
unnecessary;Negative
unneeded;Negative
unobtainable;Negative
unoccupied;Negative
unpaid;Negative
unperformed;Negative
unplanned;Negative
unpopular;Negative
unpredictability;Negative
unpredictable;Negative
unpredictably;Negative
unpredicted;Negative
unproductive;Negative
unprofitability;Negative
unprofitable;Negative
unqualified;Negative
unrealistic;Negative
unreasonable;Negative
unreasonableness;Negative
unreasonably;Negative
unreceptive;Negative
unrecoverable;Negative
unrecovered;Negative
unreimbursed;Negative
unreliable;Negative
unremedied;Negative
unreported;Negative
unresolved;Negative
unrest;Negative
unsafe;Negative
unsalable;Negative
unsaleable;Negative
unsatisfactory;Negative
unsatisfied;Negative
unsavory;Negative
unscheduled;Negative
unsellable;Negative
unsold;Negative
unsound;Negative
unstabilized;Negative
unstable;Negative
unsubstantiated;Negative
unsuccessful;Negative
unsuccessfully;Negative
unsuitability;Negative
unsuitable;Negative
unsuitably;Negative
unsuited;Negative
unsure;Negative
unsuspected;Negative
unsuspecting;Negative
unsustainable;Negative
untenable;Negative
untimely;Negative
untrusted;Negative
untruth;Negative
untruthful;Negative
untruthfully;Negative
untruthfulness;Negative
untruths;Negative
unusable;Negative
unwanted;Negative
unwarranted;Negative
unwelcome;Negative
unwilling;Negative
unwillingness;Negative
upset;Negative
urgency;Negative
urgent;Negative
usurious;Negative
usurp;Negative
usurped;Negative
usurping;Negative
usurps;Negative
usury;Negative
vandalism;Negative
verdict;Negative
verdicts;Negative
vetoed;Negative
victims;Negative
violate;Negative
violated;Negative
violates;Negative
violating;Negative
violation;Negative
violations;Negative
violative;Negative
violator;Negative
violators;Negative
violence;Negative
violent;Negative
violently;Negative
vitiate;Negative
vitiated;Negative
vitiates;Negative
vitiating;Negative
vitiation;Negative
voided;Negative
voiding;Negative
volatile;Negative
volatility;Negative
vulnerabilities;Negative
vulnerability;Negative
vulnerable;Negative
vulnerably;Negative
warn;Negative
warned;Negative
warning;Negative
warnings;Negative
warns;Negative
wasted;Negative
wasteful;Negative
wasting;Negative
weak;Negative
weaken;Negative
weakened;Negative
weakening;Negative
weakens;Negative
weaker;Negative
weakest;Negative
weakly;Negative
weakness;Negative
weaknesses;Negative
willfully;Negative
worries;Negative
worry;Negative
worrying;Negative
worse;Negative
worsen;Negative
worsened;Negative
worsening;Negative
worsens;Negative
worst;Negative
worthless;Negative
writedown;Negative
writedowns;Negative
writeoff;Negative
writeoffs;Negative
wrong;Negative
wrongdoing;Negative
wrongdoings;Negative
wrongful;Negative
wrongfully;Negative
wrongly;Negative
able;Positive
abundance;Positive
abundant;Positive
acclaimed;Positive
accomplish;Positive
accomplished;Positive
accomplishes;Positive
accomplishing;Positive
accomplishment;Positive
accomplishments;Positive
achieve;Positive
achieved;Positive
achievement;Positive
achievements;Positive
achieves;Positive
achieving;Positive
adequately;Positive
advancement;Positive
advancements;Positive
advances;Positive
advancing;Positive
advantage;Positive
advantaged;Positive
advantageous;Positive
advantageously;Positive
advantages;Positive
alliance;Positive
alliances;Positive
assure;Positive
assured;Positive
assures;Positive
assuring;Positive
attain;Positive
attained;Positive
attaining;Positive
attainment;Positive
attainments;Positive
attains;Positive
attractive;Positive
attractiveness;Positive
beautiful;Positive
beautifully;Positive
beneficial;Positive
beneficially;Positive
benefit;Positive
benefited;Positive
benefiting;Positive
benefitted;Positive
benefitting;Positive
best;Positive
better;Positive
bolstered;Positive
bolstering;Positive
bolsters;Positive
boom;Positive
booming;Positive
boost;Positive
boosted;Positive
breakthrough;Positive
breakthroughs;Positive
brilliant;Positive
charitable;Positive
collaborate;Positive
collaborated;Positive
collaborates;Positive
collaborating;Positive
collaboration;Positive
collaborations;Positive
collaborative;Positive
collaborator;Positive
collaborators;Positive
compliment;Positive
complimentary;Positive
complimented;Positive
complimenting;Positive
compliments;Positive
conclusive;Positive
conclusively;Positive
conducive;Positive
confident;Positive
constructive;Positive
constructively;Positive
courteous;Positive
creative;Positive
creatively;Positive
creativeness;Positive
creativity;Positive
delight;Positive
delighted;Positive
delightful;Positive
delightfully;Positive
delighting;Positive
delights;Positive
dependability;Positive
dependable;Positive
desirable;Positive
desired;Positive
destined;Positive
diligent;Positive
diligently;Positive
distinction;Positive
distinctions;Positive
distinctive;Positive
distinctively;Positive
distinctiveness;Positive
dream;Positive
easier;Positive
easily;Positive
easy;Positive
effective;Positive
efficiencies;Positive
efficiency;Positive
efficient;Positive
efficiently;Positive
empower;Positive
empowered;Positive
empowering;Positive
empowers;Positive
enable;Positive
enabled;Positive
enables;Positive
enabling;Positive
encouraged;Positive
encouragement;Positive
encourages;Positive
encouraging;Positive
enhance;Positive
enhanced;Positive
enhancement;Positive
enhancements;Positive
enhances;Positive
enhancing;Positive
enjoy;Positive
enjoyable;Positive
enjoyably;Positive
enjoyed;Positive
enjoying;Positive
enjoyment;Positive
enjoys;Positive
enthusiasm;Positive
enthusiastic;Positive
enthusiastically;Positive
excellence;Positive
excellent;Positive
excelling;Positive
excels;Positive
exceptional;Positive
exceptionally;Positive
excited;Positive
excitement;Positive
exciting;Positive
exclusive;Positive
exclusively;Positive
exclusiveness;Positive
exclusives;Positive
exclusivity;Positive
exemplary;Positive
fantastic;Positive
favorable;Positive
favorably;Positive
favored;Positive
favoring;Positive
favorite;Positive
favorites;Positive
friendly;Positive
gain;Positive
gained;Positive
gaining;Positive
gains;Positive
good;Positive
great;Positive
greater;Positive
greatest;Positive
greatly;Positive
greatness;Positive
happiest;Positive
happily;Positive
happiness;Positive
happy;Positive
highest;Positive
honor;Positive
honorable;Positive
honored;Positive
honoring;Positive
honors;Positive
ideal;Positive
impress;Positive
impressed;Positive
impresses;Positive
impressing;Positive
impressive;Positive
impressively;Positive
improve;Positive
improved;Positive
improvement;Positive
improvements;Positive
improves;Positive
improving;Positive
incredible;Positive
incredibly;Positive
influential;Positive
informative;Positive
ingenuity;Positive
innovate;Positive
innovated;Positive
innovates;Positive
innovating;Positive
innovation;Positive
innovations;Positive
innovative;Positive
innovativeness;Positive
innovator;Positive
innovators;Positive
insightful;Positive
inspiration;Positive
inspirational;Positive
integrity;Positive
invent;Positive
invented;Positive
inventing;Positive
invention;Positive
inventions;Positive
inventive;Positive
inventiveness;Positive
inventor;Positive
inventors;Positive
leadership;Positive
leading;Positive
loyal;Positive
lucrative;Positive
meritorious;Positive
opportunities;Positive
opportunity;Positive
optimistic;Positive
outperform;Positive
outperformed;Positive
outperforming;Positive
outperforms;Positive
perfect;Positive
perfected;Positive
perfectly;Positive
perfects;Positive
pleasant;Positive
pleasantly;Positive
pleased;Positive
pleasure;Positive
plentiful;Positive
popular;Positive
popularity;Positive
positive;Positive
positively;Positive
preeminence;Positive
preeminent;Positive
premier;Positive
premiere;Positive
prestige;Positive
prestigious;Positive
proactive;Positive
proactively;Positive
proficiency;Positive
proficient;Positive
proficiently;Positive
profitability;Positive
profitable;Positive
profitably;Positive
progress;Positive
progressed;Positive
progresses;Positive
progressing;Positive
prospered;Positive
prospering;Positive
prosperity;Positive
prosperous;Positive
prospers;Positive
rebound;Positive
rebounded;Positive
rebounding;Positive
receptive;Positive
regain;Positive
regained;Positive
regaining;Positive
resolve;Positive
revolutionize;Positive
revolutionized;Positive
revolutionizes;Positive
revolutionizing;Positive
reward;Positive
rewarded;Positive
rewarding;Positive
rewards;Positive
satisfaction;Positive
satisfactorily;Positive
satisfactory;Positive
satisfied;Positive
satisfies;Positive
satisfy;Positive
satisfying;Positive
smooth;Positive
smoothing;Positive
smoothly;Positive
smooths;Positive
solves;Positive
solving;Positive
spectacular;Positive
spectacularly;Positive
stability;Positive
stabilization;Positive
stabilizations;Positive
stabilize;Positive
stabilized;Positive
stabilizes;Positive
stabilizing;Positive
stable;Positive
strength;Positive
strengthen;Positive
strengthened;Positive
strengthening;Positive
strengthens;Positive
strengths;Positive
strong;Positive
stronger;Positive
strongest;Positive
succeed;Positive
succeeded;Positive
succeeding;Positive
succeeds;Positive
success;Positive
successes;Positive
successful;Positive
successfully;Positive
superior;Positive
surpass;Positive
surpassed;Positive
surpasses;Positive
surpassing;Positive
transparency;Positive
tremendous;Positive
tremendously;Positive
unmatched;Positive
unparalleled;Positive
unsurpassed;Positive
upturn;Positive
upturns;Positive
valuable;Positive
versatile;Positive
versatility;Positive
vibrancy;Positive
vibrant;Positive
win;Positive
winner;Positive
winners;Positive
winning;Positive
worthy;Positive
abeyance;Neutral
abeyances;Neutral
almost;Neutral
alteration;Neutral
alterations;Neutral
ambiguities;Neutral
ambiguity;Neutral
ambiguous;Neutral
anomalies;Neutral
anomalous;Neutral
anomalously;Neutral
anomaly;Neutral
anticipate;Neutral
anticipated;Neutral
anticipates;Neutral
anticipating;Neutral
anticipation;Neutral
anticipations;Neutral
apparent;Neutral
apparently;Neutral
appear;Neutral
appeared;Neutral
appearing;Neutral
appears;Neutral
approximate;Neutral
approximated;Neutral
approximately;Neutral
approximates;Neutral
approximating;Neutral
approximation;Neutral
approximations;Neutral
arbitrarily;Neutral
arbitrariness;Neutral
arbitrary;Neutral
assume;Neutral
assumed;Neutral
assumes;Neutral
assuming;Neutral
assumption;Neutral
assumptions;Neutral
believe;Neutral
believed;Neutral
believes;Neutral
believing;Neutral
cautious;Neutral
cautiously;Neutral
cautiousness;Neutral
clarification;Neutral
clarifications;Neutral
conceivable;Neutral
conceivably;Neutral
conditional;Neutral
conditionally;Neutral
confuses;Neutral
confusing;Neutral
confusingly;Neutral
confusion;Neutral
contingencies;Neutral
contingency;Neutral
contingent;Neutral
contingently;Neutral
contingents;Neutral
could;Neutral
crossroad;Neutral
crossroads;Neutral
depend;Neutral
depended;Neutral
dependence;Neutral
dependencies;Neutral
dependency;Neutral
dependent;Neutral
depending;Neutral
depends;Neutral
destabilizing;Neutral
deviate;Neutral
deviated;Neutral
deviates;Neutral
deviating;Neutral
deviation;Neutral
deviations;Neutral
differ;Neutral
differed;Neutral
differing;Neutral
differs;Neutral
doubt;Neutral
doubted;Neutral
doubtful;Neutral
doubts;Neutral
exposure;Neutral
exposures;Neutral
fluctuate;Neutral
fluctuated;Neutral
fluctuates;Neutral
fluctuating;Neutral
fluctuation;Neutral
fluctuations;Neutral
hidden;Neutral
hinges;Neutral
imprecise;Neutral
imprecision;Neutral
imprecisions;Neutral
improbability;Neutral
improbable;Neutral
incompleteness;Neutral
indefinite;Neutral
indefinitely;Neutral
indefiniteness;Neutral
indeterminable;Neutral
indeterminate;Neutral
inexact;Neutral
inexactness;Neutral
instabilities;Neutral
instability;Neutral
intangible;Neutral
intangibles;Neutral
likelihood;Neutral
may;Neutral
maybe;Neutral
might;Neutral
nearly;Neutral
nonassessable;Neutral
occasionally;Neutral
ordinarily;Neutral
pending;Neutral
perhaps;Neutral
possibilities;Neutral
possibility;Neutral
possible;Neutral
possibly;Neutral
precaution;Neutral
precautionary;Neutral
precautions;Neutral
predict;Neutral
predictability;Neutral
predicted;Neutral
predicting;Neutral
prediction;Neutral
predictions;Neutral
predictive;Neutral
predictor;Neutral
predictors;Neutral
predicts;Neutral
preliminarily;Neutral
preliminary;Neutral
presumably;Neutral
presume;Neutral
presumed;Neutral
presumes;Neutral
presuming;Neutral
presumption;Neutral
presumptions;Neutral
probabilistic;Neutral
probabilities;Neutral
probability;Neutral
probable;Neutral
probably;Neutral
random;Neutral
randomize;Neutral
randomized;Neutral
randomizes;Neutral
randomizing;Neutral
randomly;Neutral
randomness;Neutral
reassess;Neutral
reassessed;Neutral
reassesses;Neutral
reassessing;Neutral
reassessment;Neutral
reassessments;Neutral
recalculate;Neutral
recalculated;Neutral
recalculates;Neutral
recalculating;Neutral
recalculation;Neutral
recalculations;Neutral
reconsider;Neutral
reconsidered;Neutral
reconsidering;Neutral
reconsiders;Neutral
reexamination;Neutral
reexamine;Neutral
reexamining;Neutral
reinterpret;Neutral
reinterpretation;Neutral
reinterpretations;Neutral
reinterpreted;Neutral
reinterpreting;Neutral
reinterprets;Neutral
revise;Neutral
revised;Neutral
risk;Neutral
risked;Neutral
riskier;Neutral
riskiest;Neutral
riskiness;Neutral
risking;Neutral
risks;Neutral
risky;Neutral
roughly;Neutral
rumors;Neutral
seems;Neutral
seldom;Neutral
seldomly;Neutral
sometime;Neutral
sometimes;Neutral
somewhat;Neutral
somewhere;Neutral
speculate;Neutral
speculated;Neutral
speculates;Neutral
speculating;Neutral
speculation;Neutral
speculations;Neutral
speculative;Neutral
speculatively;Neutral
sporadic;Neutral
sporadically;Neutral
sudden;Neutral
suddenly;Neutral
suggest;Neutral
suggested;Neutral
suggesting;Neutral
suggests;Neutral
susceptibility;Neutral
tending;Neutral
tentative;Neutral
tentatively;Neutral
turbulence;Neutral
uncertain;Neutral
uncertainly;Neutral
uncertainties;Neutral
Neutral;Neutral
unclear;Neutral
unconfirmed;Neutral
undecided;Neutral
undefined;Neutral
undesignated;Neutral
undetectable;Neutral
undeterminable;Neutral
undetermined;Neutral
undocumented;Neutral
unexpected;Neutral
unexpectedly;Neutral
unfamiliar;Neutral
unfamiliarity;Neutral
unforecasted;Neutral
unforseen;Neutral
unguaranteed;Neutral
unhedged;Neutral
unidentifiable;Neutral
unidentified;Neutral
unknown;Neutral
unknowns;Neutral
unobservable;Neutral
unplanned;Neutral
unpredictability;Neutral
unpredictable;Neutral
unpredictably;Neutral
unpredicted;Neutral
unproved;Neutral
unproven;Neutral
unquantifiable;Neutral
unquantified;Neutral
unreconciled;Neutral
unseasonable;Neutral
unseasonably;Neutral
unsettled;Neutral
unspecific;Neutral
unspecified;Neutral
untested;Neutral
unusual;Neutral
unusually;Neutral
unwritten;Neutral
vagaries;Neutral
vague;Neutral
vaguely;Neutral
vagueness;Neutral
vaguenesses;Neutral
vaguer;Neutral
vaguest;Neutral
variability;Neutral
variable;Neutral
variables;Neutral
variably;Neutral
variance;Neutral
variances;Neutral
variant;Neutral
variants;Neutral
variation;Neutral
variations;Neutral
varied;Neutral
varies;Neutral
vary;Neutral
varying;Neutral
volatile;Neutral
volatilities;Neutral
volatility;Neutral
abovementioned;Negative
abrogate;Negative
abrogated;Negative
abrogates;Negative
abrogating;Negative
abrogation;Negative
abrogations;Negative
absolve;Negative
absolved;Negative
absolves;Negative
absolving;Negative
accession;Negative
accessions;Negative
acquirees;Negative
acquirors;Negative
acquit;Negative
acquits;Negative
acquittal;Negative
acquittals;Negative
acquittance;Negative
acquittances;Negative
acquitted;Negative
acquitting;Negative
addendums;Negative
adjourn;Negative
adjourned;Negative
adjourning;Negative
adjournment;Negative
adjournments;Negative
adjourns;Negative
adjudge;Negative
adjudged;Negative
adjudges;Negative
adjudging;Negative
adjudicate;Negative
adjudicated;Negative
adjudicates;Negative
adjudicating;Negative
adjudication;Negative
adjudications;Negative
adjudicative;Negative
adjudicator;Negative
adjudicators;Negative
adjudicatory;Negative
admissibility;Negative
admissible;Negative
admissibly;Negative
admission;Negative
admissions;Negative
affidavit;Negative
affidavits;Negative
affirmance;Negative
affreightment;Negative
aforedescribed;Negative
aforementioned;Negative
aforesaid;Negative
aforestated;Negative
aggrieved;Negative
allegation;Negative
allegations;Negative
allege;Negative
alleged;Negative
allegedly;Negative
alleges;Negative
alleging;Negative
amend;Negative
amendable;Negative
amendatory;Negative
amended;Negative
amending;Negative
amendment;Negative
amendments;Negative
amends;Negative
antecedent;Negative
antecedents;Negative
anticorruption;Negative
antitrust;Negative
anywise;Negative
appeal;Negative
appealable;Negative
appealed;Negative
appealing;Negative
appeals;Negative
appellant;Negative
appellants;Negative
appellate;Negative
appellees;Negative
appointor;Negative
appurtenance;Negative
appurtenances;Negative
appurtenant;Negative
arbitrability;Negative
arbitral;Negative
arbitrate;Negative
arbitrated;Negative
arbitrates;Negative
arbitrating;Negative
arbitration;Negative
arbitrational;Negative
arbitrations;Negative
arbitrative;Negative
arbitrator;Negative
arbitrators;Negative
arrearage;Negative
arrearages;Negative
ascendancy;Negative
ascendant;Negative
ascendants;Negative
assertable;Negative
assignation;Negative
assignations;Negative
assumable;Negative
attest;Negative
attestation;Negative
attestations;Negative
attested;Negative
attesting;Negative
attorn;Negative
attorney;Negative
attorneys;Negative
attornment;Negative
attorns;Negative
bail;Negative
bailed;Negative
bailee;Negative
bailees;Negative
bailiff;Negative
bailiffs;Negative
bailment;Negative
beneficiated;Negative
beneficiation;Negative
bona;Negative
bonafide;Negative
breach;Negative
breached;Negative
breaches;Negative
breaching;Negative
cedant;Negative
cedants;Negative
certiorari;Negative
cession;Negative
chattel;Negative
chattels;Negative
choate;Negative
claim;Negative
claimable;Negative
claimant;Negative
claimants;Negative
claimholder;Negative
claims;Negative
clawbacks;Negative
codefendant;Negative
codefendants;Negative
codicil;Negative
codicils;Negative
codification;Negative
codifications;Negative
codified;Negative
codifies;Negative
codify;Negative
codifying;Negative
collusion;Negative
compensatory;Negative
complainant;Negative
complainants;Negative
condemnor;Negative
confiscatory;Negative
consent;Negative
consented;Negative
consenting;Negative
consents;Negative
conservatorships;Negative
constitution;Negative
constitutional;Negative
constitutionality;Negative
constitutionally;Negative
constitutions;Negative
constitutive;Negative
construe;Negative
construed;Negative
construes;Negative
construing;Negative
contestability;Negative
contestation;Negative
contract;Negative
contracted;Negative
contractholder;Negative
contractholders;Negative
contractible;Negative
contractile;Negative
contracting;Negative
contracts;Negative
contractual;Negative
contractually;Negative
contravene;Negative
contravened;Negative
contravenes;Negative
contravening;Negative
contravention;Negative
contraventions;Negative
controvert;Negative
controverted;Negative
controverting;Negative
conveniens;Negative
conveyance;Negative
conveyances;Negative
convict;Negative
convicted;Negative
convicting;Negative
conviction;Negative
convictions;Negative
coterminous;Negative
counsel;Negative
counseled;Negative
counselled;Negative
counsels;Negative
countersignor;Negative
countersued;Negative
countersuit;Negative
countersuits;Negative
court;Negative
courtroom;Negative
courts;Negative
crime;Negative
crimes;Negative
criminal;Negative
criminality;Negative
criminalize;Negative
criminalizing;Negative
criminally;Negative
criminals;Negative
crossclaim;Negative
crossclaims;Negative
decedent;Negative
decedents;Negative
declarant;Negative
decree;Negative
decreed;Negative
decreeing;Negative
decrees;Negative
defalcation;Negative
defalcations;Negative
defeasance;Negative
defeasances;Negative
defease;Negative
defeased;Negative
defeasement;Negative
defeases;Negative
defeasing;Negative
defectively;Negative
defendable;Negative
defendant;Negative
defendants;Negative
deference;Negative
delegable;Negative
delegatable;Negative
delegatee;Negative
delegees;Negative
demurred;Negative
demurrer;Negative
demurrers;Negative
demurring;Negative
demurs;Negative
depose;Negative
deposed;Negative
deposes;Negative
deposing;Negative
deposition;Negative
depositional;Negative
depositions;Negative
derogate;Negative
derogated;Negative
derogates;Negative
derogating;Negative
derogation;Negative
derogations;Negative
designator;Negative
desist;Negative
detainer;Negative
devisees;Negative
disaffiliation;Negative
disaffirm;Negative
disaffirmance;Negative
disaffirmed;Negative
disaffirms;Negative
dispositive;Negative
dispossession;Negative
dispossessory;Negative
distraint;Negative
distributee;Negative
distributees;Negative
docket;Negative
docketed;Negative
docketing;Negative
dockets;Negative
donees;Negative
duly;Negative
ejectment;Negative
encumber;Negative
encumbered;Negative
encumbering;Negative
encumbers;Negative
encumbrance;Negative
encumbrancer;Negative
encumbrancers;Negative
encumbrances;Negative
endorsee;Negative
enforceability;Negative
enforceable;Negative
enforceably;Negative
escheat;Negative
escheated;Negative
escheatment;Negative
escrowing;Negative
estoppel;Negative
evidential;Negative
evidentiary;Negative
exceedance;Negative
exceedances;Negative
exceedences;Negative
excised;Negative
exculpate;Negative
exculpated;Negative
exculpates;Negative
exculpating;Negative
exculpation;Negative
exculpations;Negative
exculpatory;Negative
executor;Negative
executors;Negative
executory;Negative
executrices;Negative
executrix;Negative
executrixes;Negative
extracontractual;Negative
extracorporeal;Negative
extrajudicial;Negative
facie;Negative
facto;Negative
felonies;Negative
felonious;Negative
felony;Negative
fide;Negative
forbade;Negative
forbear;Negative
forbearance;Negative
forbearances;Negative
forbearing;Negative
forbears;Negative
forebear;Negative
forebearance;Negative
forebears;Negative
forfeitability;Negative
forfeitable;Negative
forthwith;Negative
forwhich;Negative
fugitive;Negative
fugitives;Negative
furtherance;Negative
grantor;Negative
grantors;Negative
henceforth;Negative
henceforward;Negative
hereafter;Negative
hereby;Negative
hereditaments;Negative
herefor;Negative
herefore;Negative
herefrom;Negative
herein;Negative
hereinabove;Negative
hereinafter;Negative
hereinbefore;Negative
hereinbelow;Negative
hereof;Negative
hereon;Negative
hereto;Negative
heretofore;Negative
hereunder;Negative
hereunto;Negative
hereupon;Negative
herewith;Negative
herewithin;Negative
immateriality;Negative
impleaded;Negative
inasmuch;Negative
incapacity;Negative
incarcerate;Negative
incarcerated;Negative
incarcerates;Negative
incarcerating;Negative
incarceration;Negative
incarcerations;Negative
inchoate;Negative
incontestability;Negative
incontestable;Negative
indemnifiable;Negative
indemnification;Negative
indemnifications;Negative
indemnified;Negative
indemnifies;Negative
indemnify;Negative
indemnifying;Negative
indemnitee;Negative
indemnitees;Negative
indemnities;Negative
indemnitor;Negative
indemnitors;Negative
indemnity;Negative
indict;Negative
indictable;Negative
indicted;Negative
indicting;Negative
indictment;Negative
indictments;Negative
indorsees;Negative
inforce;Negative
infraction;Negative
infractions;Negative
infringer;Negative
injunction;Negative
injunctions;Negative
injunctive;Negative
insofar;Negative
interlocutory;Negative
interpleader;Negative
interpose;Negative
interposed;Negative
interposes;Negative
interposing;Negative
interposition;Negative
interpositions;Negative
interrogate;Negative
interrogated;Negative
interrogates;Negative
interrogating;Negative
interrogation;Negative
interrogations;Negative
interrogator;Negative
interrogatories;Negative
interrogators;Negative
interrogatory;Negative
intestacy;Negative
intestate;Negative
irrevocability;Negative
irrevocable;Negative
irrevocably;Negative
joinder;Negative
judicial;Negative
judicially;Negative
judiciaries;Negative
judiciary;Negative
juries;Negative
juris;Negative
jurisdiction;Negative
jurisdictional;Negative
jurisdictionally;Negative
jurisdictions;Negative
jurisprudence;Negative
jurist;Negative
jurists;Negative
juror;Negative
jurors;Negative
jury;Negative
juryman;Negative
justice;Negative
justices;Negative
law;Negative
lawful;Negative
lawfully;Negative
lawfulness;Negative
lawmakers;Negative
lawmaking;Negative
laws;Negative
lawsuit;Negative
lawsuits;Negative
lawyer;Negative
lawyers;Negative
legal;Negative
legalese;Negative
legality;Negative
legalization;Negative
legalizations;Negative
legalize;Negative
legalized;Negative
legalizes;Negative
legalizing;Negative
legally;Negative
legals;Negative
legatee;Negative
legatees;Negative
legislate;Negative
legislated;Negative
legislates;Negative
legislating;Negative
legislation;Negative
legislations;Negative
legislative;Negative
legislatively;Negative
legislator;Negative
legislators;Negative
legislature;Negative
legislatures;Negative
libel;Negative
libeled;Negative
libelous;Negative
libels;Negative
licensable;Negative
lienholders;Negative
litigant;Negative
litigants;Negative
litigate;Negative
litigated;Negative
litigates;Negative
litigating;Negative
litigation;Negative
litigations;Negative
litigator;Negative
litigators;Negative
Negative;Negative
Negativeness;Negative
majeure;Negative
mandamus;Negative
mediate;Negative
mediated;Negative
mediates;Negative
mediating;Negative
mediation;Negative
mediations;Negative
mediator;Negative
mediators;Negative
misdemeanor;Negative
misfeasance;Negative
mistrial;Negative
mistrials;Negative
moreover;Negative
motions;Negative
mutandis;Negative
nolo;Negative
nonappealable;Negative
nonbreaching;Negative
noncontingent;Negative
noncontract;Negative
noncontractual;Negative
noncontributory;Negative
nonfeasance;Negative
nonfiduciary;Negative
nonforfeitability;Negative
nonforfeitable;Negative
nonforfeiture;Negative
nonguarantor;Negative
noninfringement;Negative
noninfringing;Negative
nonjudicial;Negative
nonjudicially;Negative
nonjurisdictional;Negative
nonseverable;Negative
nonterminable;Negative
nonusurious;Negative
notarial;Negative
notaries;Negative
notarization;Negative
notarizations;Negative
notarize;Negative
notarized;Negative
notarizing;Negative
notary;Negative
notwithstanding;Negative
novo;Negative
nullification;Negative
nullifications;Negative
nullified;Negative
nullifies;Negative
nullify;Negative
nullifying;Negative
nullities;Negative
nullity;Negative
obligee;Negative
obligees;Negative
obligor;Negative
obligors;Negative
offense;Negative
offeree;Negative
offerees;Negative
offeror;Negative
offerors;Negative
optionee;Negative
optionees;Negative
overrule;Negative
overruled;Negative
overrules;Negative
overruling;Negative
para;Negative
pari;Negative
passu;Negative
patentee;Negative
pecuniarily;Negative
perjury;Negative
permittee;Negative
permittees;Negative
perpetrate;Negative
perpetrated;Negative
perpetrates;Negative
perpetrating;Negative
perpetration;Negative
personam;Negative
petition;Negative
petitioned;Negative
petitioner;Negative
petitioners;Negative
petitioning;Negative
petitions;Negative
plaintiff;Negative
plaintiffs;Negative
pleading;Negative
pleadings;Negative
pleads;Negative
pleas;Negative
pledgee;Negative
pledgees;Negative
pledgor;Negative
pledgors;Negative
possessory;Negative
postclosing;Negative
postclosure;Negative
postcontract;Negative
postjudgment;Negative
preamendment;Negative
predecease;Negative
predeceased;Negative
predeceases;Negative
predeceasing;Negative
prehearing;Negative
prejudice;Negative
prejudiced;Negative
prejudices;Negative
prejudicial;Negative
prejudicing;Negative
prepetition;Negative
presumptively;Negative
pretrial;Negative
prima;Negative
privity;Negative
probate;Negative
probated;Negative
probates;Negative
probating;Negative
probation;Negative
probational;Negative
probationary;Negative
probationer;Negative
probationers;Negative
probations;Negative
promulgate;Negative
promulgated;Negative
promulgates;Negative
promulgating;Negative
promulgation;Negative
promulgations;Negative
promulgator;Negative
promulgators;Negative
prorata;Negative
proration;Negative
prosecute;Negative
prosecuted;Negative
prosecutes;Negative
prosecuting;Negative
prosecution;Negative
prosecutions;Negative
prosecutor;Negative
prosecutorial;Negative
prosecutors;Negative
proviso;Negative
provisoes;Negative
provisos;Negative
punishable;Negative
quitclaim;Negative
quitclaims;Negative
rata;Negative
ratable;Negative
ratably;Negative
reargument;Negative
rebut;Negative
rebuts;Negative
rebuttable;Negative
rebuttably;Negative
rebuttal;Negative
rebuttals;Negative
rebutted;Negative
rebutting;Negative
recordation;Negative
recoupable;Negative
recoupment;Negative
recoupments;Negative
recourse;Negative
recourses;Negative
rectification;Negative
rectifications;Negative
recusal;Negative
recuse;Negative
recused;Negative
recuses;Negative
recusing;Negative
redact;Negative
redacted;Negative
redacting;Negative
redaction;Negative
redactions;Negative
referenda;Negative
referendum;Negative
referendums;Negative
refile;Negative
refiled;Negative
refiles;Negative
refiling;Negative
regulate;Negative
regulated;Negative
regulates;Negative
regulating;Negative
regulation;Negative
regulations;Negative
regulative;Negative
regulator;Negative
regulators;Negative
regulatory;Negative
rehear;Negative
reheard;Negative
rehearing;Negative
rehearings;Negative
releasees;Negative
remand;Negative
remanded;Negative
remanding;Negative
remands;Negative
remediate;Negative
remediated;Negative
remediating;Negative
remediation;Negative
remediations;Negative
remedied;Negative
remised;Negative
repledged;Negative
replevin;Negative
reprorated;Negative
requester;Negative
requestor;Negative
reregulation;Negative
rescind;Negative
rescinded;Negative
rescinding;Negative
rescinds;Negative
rescission;Negative
rescissions;Negative
restitutionary;Negative
retendering;Negative
retrocede;Negative
retroceded;Negative
retrocessionaires;Negative
revocability;Negative
revocation;Negative
revocations;Negative
ruling;Negative
rulings;Negative
sentenced;Negative
sentencing;Negative
sequestrator;Negative
settlement;Negative
settlements;Negative
severability;Negative
severable;Negative
severally;Negative
severance;Negative
severances;Negative
shall;Negative
statute;Negative
statutes;Negative
statutorily;Negative
statutory;Negative
subclause;Negative
subclauses;Negative
subdocket;Negative
subleasee;Negative
subleasehold;Negative
sublessors;Negative
sublicensee;Negative
sublicensor;Negative
subparagraph;Negative
subparagraphs;Negative
subpoena;Negative
subpoenaed;Negative
subpoenas;Negative
subrogated;Negative
subrogation;Negative
subtrust;Negative
subtrusts;Negative
sue;Negative
sued;Negative
sues;Negative
suing;Negative
summoned;Negative
summoning;Negative
summons;Negative
summonses;Negative
supersede;Negative
supersedeas;Negative
superseded;Negative
supersedes;Negative
superseding;Negative
sureties;Negative
surety;Negative
tenantability;Negative
terminable;Negative
terminus;Negative
testamentary;Negative
testify;Negative
testifying;Negative
testimony;Negative
thence;Negative
thenceforth;Negative
thenceforward;Negative
thereafter;Negative
thereat;Negative
therefrom;Negative
therein;Negative
thereinafter;Negative
thereof;Negative
thereon;Negative
thereover;Negative
thereto;Negative
theretofor;Negative
theretofore;Negative
thereunder;Negative
thereunto;Negative
thereupon;Negative
therewith;Negative
tort;Negative
tortious;Negative
tortiously;Negative
torts;Negative
transferor;Negative
transferors;Negative
unappealable;Negative
unappealed;Negative
unconstitutional;Negative
unconstitutionality;Negative
unconstitutionally;Negative
uncontracted;Negative
undefeased;Negative
undischarged;Negative
unencumber;Negative
unencumbered;Negative
unenforceability;Negative
unenforceable;Negative
unlawful;Negative
unlawfully;Negative
unlawfulness;Negative
unremediated;Negative
unstayed;Negative
unto;Negative
usurious;Negative
usurp;Negative
usurpation;Negative
usurped;Negative
usurping;Negative
usurps;Negative
usury;Negative
vendee;Negative
vendees;Negative
verdict;Negative
verdicts;Negative
viatical;Negative
violative;Negative
voidable;Negative
voided;Negative
voiding;Negative
warrantees;Negative
warrantor;Negative
whatever;Negative
whatsoever;Negative
whensoever;Negative
whereabouts;Negative
whereas;Negative
whereat;Negative
whereby;Negative
wherefore;Negative
wherein;Negative
whereof;Negative
whereon;Negative
whereto;Negative
whereunder;Negative
whereupon;Negative
wherewith;Negative
whistleblowers;Negative
whomever;Negative
whomsoever;Negative
whosoever;Negative
wilful;Negative
willful;Negative
willfully;Negative
willfulness;Negative
witness;Negative
witnesses;Negative
writ;Negative
writs;Negative
;
;
;
;
;
;
;
;
;
;
;
;
;
;
;
;
;
;
;
;
;
;
;
;
;
;
;
;
;
;
;
;
;
;
;
;
;
;
;
;
;
;
;
;
;
;
abide;Negative
abiding;Negative
bound;Negative
bounded;Negative
commit;Negative
commitment;Negative
commitments;Negative
commits;Negative
committed;Negative
committing;Negative
compel;Negative
compelled;Negative
compelling;Negative
compels;Negative
comply;Negative
compulsion;Negative
compulsory;Negative
confine;Negative
confined;Negative
confinement;Negative
confines;Negative
confining;Negative
constrain;Negative
constrained;Negative
Negative;Negative
constrains;Negative
constraint;Negative
constraints;Negative
covenant;Negative
covenanted;Negative
covenanting;Negative
covenants;Negative
depend;Negative
dependance;Negative
dependances;Negative
dependant;Negative
dependencies;Negative
dependent;Negative
depending;Negative
depends;Negative
dictate;Negative
dictated;Negative
dictates;Negative
dictating;Negative
directive;Negative
directives;Negative
earmark;Negative
earmarked;Negative
earmarking;Negative
earmarks;Negative
encumber;Negative
encumbered;Negative
encumbering;Negative
encumbers;Negative
encumbrance;Negative
encumbrances;Negative
entail;Negative
entailed;Negative
entailing;Negative
entails;Negative
entrench;Negative
entrenched;Negative
escrow;Negative
escrowed;Negative
escrows;Negative
forbade;Negative
forbid;Negative
forbidden;Negative
forbidding;Negative
forbids;Negative
impair;Negative
impaired;Negative
impairing;Negative
impairment;Negative
impairments;Negative
impairs;Negative
impose;Negative
imposed;Negative
imposes;Negative
imposing;Negative
imposition;Negative
impositions;Negative
indebted;Negative
inhibit;Negative
inhibited;Negative
inhibiting;Negative
inhibits;Negative
insist;Negative
insisted;Negative
insistence;Negative
insisting;Negative
insists;Negative
irrevocable;Negative
irrevocably;Negative
limit;Negative
limiting;Negative
limits;Negative
mandate;Negative
mandated;Negative
mandates;Negative
mandating;Negative
mandatory;Negative
manditorily;Negative
necessitate;Negative
necessitated;Negative
necessitates;Negative
necessitating;Negative
noncancelable;Negative
noncancellable;Negative
obligate;Negative
obligated;Negative
obligates;Negative
obligating;Negative
obligation;Negative
obligations;Negative
obligatory;Negative
oblige;Negative
obliged;Negative
obliges;Negative
permissible;Negative
permission;Negative
permissions;Negative
permitted;Negative
permitting;Negative
pledge;Negative
pledged;Negative
pledges;Negative
pledging;Negative
preclude;Negative
precluded;Negative
precludes;Negative
precluding;Negative
precondition;Negative
preconditions;Negative
preset;Negative
prevent;Negative
prevented;Negative
preventing;Negative
prevents;Negative
prohibit;Negative
prohibited;Negative
prohibiting;Negative
prohibition;Negative
prohibitions;Negative
prohibitive;Negative
prohibitively;Negative
prohibitory;Negative
prohibits;Negative
refrain;Negative
refraining;Negative
refrains;Negative
require;Negative
required;Negative
requirement;Negative
requirements;Negative
requires;Negative
requiring;Negative
restrain;Negative
restrained;Negative
restraining;Negative
restrains;Negative
restraint;Negative
restraints;Negative
restrict;Negative
restricted;Negative
restricting;Negative
restriction;Negative
restrictions;Negative
restrictive;Negative
restrictively;Negative
restrictiveness;Negative
restricts;Negative
stipulate;Negative
stipulated;Negative
stipulates;Negative
stipulating;Negative
stipulation;Negative
stipulations;Negative
strict;Negative
stricter;Negative
strictest;Negative
strictly;Negative
unavailability;Negative
unavailable;Negative
desert;Negative
vacate;Negative
wildness;Negative
unconstraint;Negative
wantonness;Negative
give_up;Negative
empty;Negative
forsake;Negative
desolate;Negative
deserted;Negative
defection;Negative
forsaking;Negative
desertion;Negative
abdicate;Negative
stepping_down;Negative
deviant;Negative
optical_aberration;Negative
deviance;Negative
aberrancy;Negative
aberrance;Negative
abet;Negative
unnatural;Negative
abnormalcy;Negative
mental_defectiveness;Negative
freakishness;Negative
get_rid_of;Negative
repeal;Negative
disconnected;Negative
suddenly;Negative
short;Negative
dead;Negative
brusqueness;Negative
gruffness;Negative
precipitousness;Negative
precipitance;Negative
precipitancy;Negative
suddenness;Negative
curtness;Negative
precipitateness;Negative
steepness;Negative
shortness;Negative
absence_seizure;Negative
clapperclaw;Negative
maltreatment;Negative
insult;Negative
revilement;Negative
shout;Negative
ill-use;Negative
mistreat;Negative
ill-treat;Negative
maltreat;Negative
blackguard;Negative
pervert;Negative
vilification;Negative
contumely;Negative
ill-usage;Negative
ill-treatment;Negative
step;Negative
ill-treated;Negative
maltreated;Negative
mistreated;Negative
opprobrious;Negative
scurrilous;Negative
chance_event;Negative
stroke;Negative
fortuity;Negative
incidentally;Negative
circumstantially;Negative
by_chance;Negative
charge;Negative
accusal;Negative
impeach;Negative
criminate;Negative
incriminate;Negative
accusive;Negative
accusatory;Negative
accusative;Negative
accede;Negative
assent;Negative
conduct;Negative
carry;Negative
assoil;Negative
discharge;Negative
clear;Negative
comport;Negative
deport;Negative
behave;Negative
not_guilty;Negative
load;Negative
dilute;Negative
debase;Negative
stretch;Negative
debased;Negative
adulterant;Negative
debasement;Negative
opponent;Negative
opposer;Negative
antagonist;Negative
resister;Negative
untoward;Negative
inauspicious;Negative
hard_knocks;Negative
wake;Negative
backwash;Negative
consequence;Negative
exasperate;Negative
exasperating;Negative
exasperation;Negative
irritation;Negative
provocation;Negative
alert;Negative
alarm;Negative
alertness;Negative
alien;Negative
disaffect;Negative
estrange;Negative
disoriented;Negative
anomic;Negative
estranged;Negative
estrangement;Negative
disaffection;Negative
allegement;Negative
aver;Negative
so-called;Negative
supposed;Negative
get_at;Negative
vex;Negative
bother;Negative
gravel;Negative
get_to;Negative
rile;Negative
irritate;Negative
devil;Negative
chafe;Negative
nark;Negative
rag;Negative
nettle;Negative
vexation;Negative
pain;Negative
aggravator;Negative
botheration;Negative
infliction;Negative
pain_in_the_neck;Negative
pain_in_the_ass;Negative
peeved;Negative
riled;Negative
vexed;Negative
irritated;Negative
stung;Negative
miffed;Negative
pissed;Negative
pestered;Negative
harried;Negative
pissed_off;Negative
steamed;Negative
nettled;Negative
roiled;Negative
bothersome;Negative
irritating;Negative
pesky;Negative
plaguey;Negative
pestiferous;Negative
nettlesome;Negative
vexatious;Negative
galling;Negative
pestering;Negative
plaguy;Negative
vexing;Negative
teasing;Negative
reverse;Negative
avoid;Negative
rescind;Negative
countermand;Negative
void;Negative
quash;Negative
lift;Negative
unusual_person;Negative
anomalousness;Negative
antimonopoly;Negative
fence;Negative
reason;Negative
indicate;Negative
debate;Negative
tilt;Negative
disputation;Negative
disceptation;Negative
contestation;Negative
literary_argument;Negative
line_of_reasoning;Negative
logical_argument;Negative
statement;Negative
line;Negative
parameter;Negative
argumentation;Negative
collar;Negative
hold;Negative
pinch;Negative
taking_into_custody;Negative
get;Negative
turn_back;Negative
nab;Negative
apprehend;Negative
contain;Negative
stay;Negative
hold_back;Negative
apprehension;Negative
hitch;Negative
nail;Negative
check;Negative
cop;Negative
catch;Negative
stop;Negative
pick_up;Negative
by_artificial_means;Negative
unnaturally;Negative
rape;Negative
outrage;Negative
assail;Negative
ravishment;Negative
set_on;Negative
lash_out;Negative
attack;Negative
round;Negative
snipe;Negative
ravish;Negative
dishonour;Negative
averment;Negative
affirmation;Negative
assertion;Negative
asseveration;Negative
corrasion;Negative
detrition;Negative
grinding;Negative
contrition;Negative
contriteness;Negative
abrasion;Negative
backdate;Negative
sorry;Negative
badness;Negative
regretful;Negative
speculative;Negative
badly;Negative
high-risk;Negative
tough;Negative
forged;Negative
spoilt;Negative
spoiled;Negative
bond;Negative
bail_bond;Negative
rafter;Negative
baulk;Negative
resist;Negative
jib;Negative
handicap;Negative
hinderance;Negative
ruin;Negative
smash;Negative
belly-up;Negative
cast_out;Negative
ban;Negative
prohibition;Negative
shun;Negative
Bachelor_of_Arts_in_Nursing;Negative
censor;Negative
banning;Negative
banish;Negative
ostracise;Negative
blackball;Negative
proscription;Negative
ostracize;Negative
forbiddance;Negative
block;Negative
relegate;Negative
blockade;Negative
blockaded;Negative
block_off;Negative
debar;Negative
barricaded;Negative
exclude;Negative
bar;Negative
block_up;Negative
barricade;Negative
roadblock;Negative
constriction;Negative
chokepoint;Negative
transgress;Negative
severance;Negative
falling_out;Negative
rift;Negative
rupture;Negative
infract;Negative
gap;Negative
go_against;Negative
discover;Negative
let_on;Negative
break_in;Negative
intermission;Negative
give_away;Negative
go_bad;Negative
part;Negative
time_out;Negative
separate;Negative
break_down;Negative
soften;Negative
bring_out;Negative
die;Negative
go;Negative
give_out;Negative
give;Negative
come_apart;Negative
bust;Negative
unwrap;Negative
split_up;Negative
erupt;Negative
fall_apart;Negative
give_way;Negative
develop;Negative
damp;Negative
wear;Negative
recrudesce;Negative
better;Negative
break_away;Negative
cave_in;Negative
crack;Negative
faulting;Negative
split;Negative
kick_downstairs;Negative
breakout;Negative
recess;Negative
good_luck;Negative
wear_out;Negative
let_out;Negative
happy_chance;Negative
respite;Negative
break_dance;Negative
jailbreak;Negative
burst;Negative
fall_in;Negative
conk_out;Negative
get_out;Negative
prisonbreak;Negative
open_frame;Negative
prison-breaking;Negative
break_up;Negative
geological_fault;Negative
break_off;Negative
break-dance;Negative
intermit;Negative
break_of_serve;Negative
bump;Negative
pause;Negative
break_out;Negative
snap_off;Negative
gaolbreak;Negative
shift;Negative
founder;Negative
fracture;Negative
get_around;Negative
reveal;Negative
partitioning;Negative
dislocation;Negative
crack-up;Negative
equipment_failure;Negative
payoff;Negative
grease_one's_palms;Negative
buy;Negative
graft;Negative
bridge_over;Negative
bridgework;Negative
span;Negative
nosepiece;Negative
bridge_deck;Negative
bridge_circuit;Negative
wiped_out;Negative
low;Negative
humbled;Negative
busted;Negative
disordered;Negative
unkept;Negative
broken_in;Negative
rugged;Negative
impoverished;Negative
humiliated;Negative
crushed;Negative
weight;Negative
saddle;Negative
core;Negative
burthen;Negative
gist;Negative
essence;Negative
onus;Negative
weight_down;Negative
incumbrance;Negative
loading;Negative
effect;Negative
heavy-laden;Negative
loaded_down;Negative
taxing;Negative
burn;Negative
burned-out;Negative
burn_down;Negative
burn_off;Negative
incinerate;Negative
cauterize;Negative
sting;Negative
combust;Negative
cauterise;Negative
burn_up;Negative
sunburn;Negative
burned-over;Negative
burnt;Negative
glow;Negative
burnt-out;Negative
fire;Negative
bite;Negative
cataclysm;Negative
fatal;Negative
fateful;Negative
delete;Negative
call_off;Negative
strike_down;Negative
offset;Negative
natural;Negative
scrub;Negative
scratch;Negative
set_off;Negative
off;Negative
regardless;Negative
raffishly;Negative
heedlessly;Negative
incautiously;Negative
rakishly;Negative
sloppiness;Negative
ruinous;Negative
carefulness;Negative
monish;Negative
admonish;Negative
caveat;Negative
circumspection;Negative
cautiousness;Negative
forethought;Negative
precaution;Negative
care;Negative
prophylactic;Negative
admonitory;Negative
exemplary;Negative
monitory;Negative
finish;Negative
lay_off;Negative
end;Negative
animadversion;Negative
exclusion;Negative
excommunication;Negative
reprimand;Negative
gainsay;Negative
take_exception;Negative
intriguing;Negative
ambitious;Negative
thought-provoking;Negative
beleaguer;Negative
surround;Negative
outwit;Negative
outfox;Negative
overreach;Negative
outsmart;Negative
hedge;Negative
duck;Negative
elude;Negative
skirt;Negative
beat;Negative
sidestep;Negative
parry;Negative
fudge;Negative
besiege;Negative
dodge;Negative
hem_in;Negative
put_off;Negative
exact;Negative
lay_claim;Negative
arrogate;Negative
claim;Negative
call;Negative
title;Negative
unopen;Negative
fold;Negative
conclude;Negative
unsympathetic;Negative
close_down;Negative
fill_up;Negative
close_up;Negative
closed_in;Negative
shut_down;Negative
come_together;Negative
culmination;Negative
conclusion;Negative
mop_up;Negative
completion;Negative
windup;Negative
ending;Negative
closedown;Negative
cloture;Negative
blockage;Negative
gag_rule;Negative
gag_law;Negative
resolution;Negative
occlusion;Negative
law_of_closure;Negative
settlement;Negative
pressure;Negative
squeeze;Negative
hale;Negative
crock_up;Negative
flop;Negative
crash;Negative
crumple;Negative
tumble;Negative
crumble;Negative
crack_up;Negative
prostration;Negative
connivance;Negative
conniving;Negative
kvetch;Negative
quetch;Negative
plain;Negative
kick;Negative
sound_off;Negative
complaintive;Negative
ailment;Negative
rarify;Negative
refine;Negative
perplex;Negative
elaborate;Negative
ramification;Negative
knottiness;Negative
tortuousness;Negative
complicatedness;Negative
irresistible_impulse;Negative
obsession;Negative
out_of_sight;Negative
hidden;Negative
hide;Negative
conceal;Negative
hold_in;Negative
concealment;Negative
hiding;Negative
cede;Negative
grant;Negative
yield;Negative
profess;Negative
yielding;Negative
concession;Negative
relate;Negative
bear_on;Negative
business_organization;Negative
business;Negative
refer;Negative
pertain;Negative
business_concern;Negative
occupy;Negative
headache;Negative
have-to_doe_with;Negative
touch;Negative
touch_on;Negative
come_to;Negative
business_organisation;Negative
interested;Negative
accommodate;Negative
make_up;Negative
pacify;Negative
assuage;Negative
mollify;Negative
conciliate;Negative
settle;Negative
lenify;Negative
gruntle;Negative
placate;Negative
appease;Negative
gentle;Negative
patch_up;Negative
reconcile;Negative
placation;Negative
propitiation;Negative
objurgate;Negative
doom;Negative
excoriate;Negative
reprobate;Negative
decry;Negative
sentence;Negative
disapprobation;Negative
judgment_of_conviction;Negative
execration;Negative
curse;Negative
condemnatory;Negative
excuse;Negative
squeal;Negative
fink;Negative
limit;Negative
bound;Negative
trammel;Negative
circumscribe;Negative
enclose;Negative
restrain;Negative
restrict;Negative
throttle;Negative
imprisoned;Negative
jailed;Negative
captive;Negative
restriction;Negative
parturiency;Negative
lying-in;Negative
labour;Negative
travail;Negative
childbed;Negative
labor;Negative
constraining;Negative
restricting;Negative
limiting;Negative
constrictive;Negative
attach;Negative
sequester;Negative
arrogation;Negative
run_afoul;Negative
contravene;Negative
fight;Negative
engagement;Negative
difference;Negative
struggle;Negative
difference_of_opinion;Negative
battle;Negative
self-contradictory;Negative
at_odds;Negative
present;Negative
face;Negative
face_up;Negative
showdown;Negative
encounter;Negative
face-off;Negative
confound;Negative
befuddle;Negative
blur;Negative
throw;Negative
discombobulate;Negative
bedevil;Negative
disconcert;Negative
mix_up;Negative
obscure;Negative
fox;Negative
fuddle;Negative
obnubilate;Negative
flurry;Negative
jumble;Negative
unconnected;Negative
illogical;Negative
bemused;Negative
disjointed;Negative
at_sea;Negative
confounded;Negative
bewildered;Negative
befuddled;Negative
baffled;Negative
mazed;Negative
garbled;Negative
mixed-up;Negative
scattered;Negative
puzzling;Negative
perplexing;Negative
bewilderingly;Negative
confusedness;Negative
mix-up;Negative
disarray;Negative
mental_confusion;Negative
discombobulation;Negative
muddiness;Negative
cabal;Negative
confederacy;Negative
coconspirator;Negative
machinator;Negative
plotter;Negative
conspirative;Negative
machinate;Negative
conjure;Negative
complot;Negative
disrespect;Negative
disdain;Negative
scorn;Negative
make_out;Negative
vie;Negative
grapple;Negative
contest;Negative
repugn;Negative
manage;Negative
postulate;Negative
compete;Negative
deal;Negative
make_do;Negative
get_by;Negative
cope;Negative
rivalry;Negative
competition;Negative
disputatious;Negative
combative;Negative
disputative;Negative
litigious;Negative
compression;Negative
muscle_contraction;Negative
condensation;Negative
muscular_contraction;Negative
belie;Negative
negate;Negative
controvert;Negative
contradiction_in_terms;Negative
mutually_exclusive;Negative
confounding;Negative
obstinate;Negative
wayward;Negative
perverse;Negative
opposite;Negative
yardbird;Negative
yard_bird;Negative
con;Negative
inmate;Negative
article_of_faith;Negative
strong_belief;Negative
compensate;Negative
castigate;Negative
adjust;Negative
counterbalance;Negative
discipline;Negative
sort_out;Negative
chastise;Negative
correct;Negative
even_off;Negative
chasten;Negative
slump;Negative
even_up;Negative
rectify;Negative
right;Negative
even_out;Negative
chastisement;Negative
chastening;Negative
rectification;Negative
fudge_factor;Negative
department_of_corrections;Negative
cloud;Negative
debauch;Negative
demoralise;Negative
profane;Negative
misdirect;Negative
subvert;Negative
defile;Negative
demoralize;Negative
sully;Negative
spoil;Negative
crooked;Negative
deprave;Negative
contaminating;Negative
depravation;Negative
putrescence;Negative
putridness;Negative
putrefaction;Negative
depravity;Negative
degeneracy;Negative
subversion;Negative
rottenness;Negative
corruptedly;Negative
pricey;Negative
dearly-won;Negative
dear;Negative
high-priced;Negative
pricy;Negative
forge;Negative
imitative;Negative
fake;Negative
forger;Negative
criminal_offense;Negative
criminal_offence;Negative
law-breaking;Negative
offense;Negative
outlaw;Negative
malefactor;Negative
felon;Negative
reprehensible;Negative
vicious;Negative
crook;Negative
deplorable;Negative
condemnable;Negative
reprehensively;Negative
vital;Negative
decisive;Negative
unfavorable_judgment;Negative
critique;Negative
literary_criticism;Negative
criticise;Negative
pick_apart;Negative
knock;Negative
all-important;Negative
important;Negative
of_the_essence;Negative
essential;Negative
all_important;Negative
blameworthiness;Negative
culpableness;Negative
blameworthy;Negative
blameful;Negative
blamable;Negative
blameable;Negative
censurable;Negative
reprehensibly;Negative
awkward;Negative
inept;Negative
inapt;Negative
cumbrous;Negative
ill-chosen;Negative
clumsy;Negative
curb;Negative
cut_short;Negative
clip;Negative
cut_back;Negative
retrenchment;Negative
suppression;Negative
tailor;Negative
cutting_off;Negative
hack;Negative
prune;Negative
baseball_swing;Negative
trimmed;Negative
swerve;Negative
trim;Negative
thin;Negative
gelded;Negative
curve;Negative
write_out;Negative
slash;Negative
issue;Negative
switch_off;Negative
rationalise;Negative
cold_shoulder;Negative
turn_out;Negative
swing;Negative
trim_back;Negative
slew;Negative
veer;Negative
bring_down;Negative
edit;Negative
cut_of_meat;Negative
sheer;Negative
emasculated;Negative
mown;Negative
trend;Negative
slice;Negative
stinger;Negative
shorten;Negative
cut_off;Negative
deletion;Negative
foreshorten;Negative
slashed;Negative
edit_out;Negative
contract;Negative
skip;Negative
reduce;Negative
abbreviate;Negative
gash;Negative
cut_down;Negative
thin_out;Negative
turn_off;Negative
trim_down;Negative
geld;Negative
snub;Negative
cutting;Negative
excision;Negative
thinned;Negative
abridge;Negative
slue;Negative
shortened;Negative
legal_injury;Negative
scathe;Negative
terms;Negative
equipment_casualty;Negative
restitution;Negative
indemnification;Negative
indemnity;Negative
amends;Negative
prejudicious;Negative
deaden;Negative
muffle;Negative
moisten;Negative
mute;Negative
wash;Negative
stifle;Negative
tone_down;Negative
dull;Negative
risk;Negative
life-threatening;Negative
grievous;Negative
grave;Negative
hazardously;Negative
perilously;Negative
stalemate;Negative
dead_end;Negative
stalemated;Negative
avert;Negative
deflect;Negative
forfend;Negative
forefend;Negative
head_off;Negative
stave_off;Negative
obviate;Negative
fend_off;Negative
ward_off;Negative
kick_the_bucket;Negative
perish;Negative
decedent;Negative
expire;Negative
pass_away;Negative
choke;Negative
buy_the_farm;Negative
pass;Negative
gone;Negative
departed;Negative
cash_in_one's_chips;Negative
decease;Negative
dead_soul;Negative
pop_off;Negative
give-up_the_ghost;Negative
deceased_person;Negative
asleep;Negative
at_peace;Negative
conk;Negative
exit;Negative
drop_dead;Negative
croak;Negative
snuff_it;Negative
at_rest;Negative
dead_person;Negative
dissembling;Negative
dissimulation;Negative
double-dealing;Negative
double-tongued;Negative
duplicitous;Negative
two-faced;Negative
double-faced;Negative
Janus-faced;Negative
fallacious;Negative
ambidextrous;Negative
craftiness;Negative
guile;Negative
delude;Negative
betray;Negative
lead_on;Negative
lead_astray;Negative
cozen;Negative
legerdemain;Negative
conjuration;Negative
conjuring_trick;Negative
magic_trick;Negative
trick;Negative
magic;Negative
thaumaturgy;Negative
illusion;Negative
shoddy;Negative
delusory;Negative
deceivingly;Negative
declination;Negative
wane;Negative
downslope;Negative
declension;Negative
fall;Negative
turn_down;Negative
pass_up;Negative
go_down;Negative
declivity;Negative
descent;Negative
decay;Negative
disfigure;Negative
blemish;Negative
disfiguration;Negative
disfigurement;Negative
hatchet_job;Negative
aspersion;Negative
calumniation;Negative
obloquy;Negative
traducement;Negative
calumny;Negative
calumnious;Negative
libelous;Negative
libellous;Negative
denigratory;Negative
calumniatory;Negative
denigrative;Negative
smirch;Negative
besmirch;Negative
asperse;Negative
smear;Negative
calumniate;Negative
default_option;Negative
nonremittal;Negative
default_on;Negative
get_the_better_of;Negative
kill;Negative
vote_out;Negative
shoot_down;Negative
licking;Negative
vote_down;Negative
thwarted;Negative
discomfited;Negative
foiled;Negative
shortcoming;Negative
mar;Negative
support;Negative
fight_back;Negative
champion;Negative
fight_down;Negative
represent;Negative
guard;Negative
fend_for;Negative
maintain;Negative
justificatory;Negative
justificative;Negative
defensive_attitude;Negative
remit;Negative
hold_over;Negative
put_over;Negative
shelve;Negative
table;Negative
give_in;Negative
set_back;Negative
submit;Negative
bow;Negative
prorogue;Negative
want;Negative
wanting;Negative
bunco;Negative
scam;Negative
short-change;Negative
mulct;Negative
nobble;Negative
gyp;Negative
diddle;Negative
victimize;Negative
gip;Negative
swindle;Negative
goldbrick;Negative
rook;Negative
hornswoggle;Negative
abasement;Negative
abjection;Negative
put_down;Negative
cheapen;Negative
take_down;Negative
demean;Negative
profligate;Negative
debauched;Negative
libertine;Negative
fast;Negative
degenerate;Negative
riotous;Negative
dissipated;Negative
dissolute;Negative
debasing;Negative
time_lag;Negative
hold_up;Negative
wait;Negative
holdup;Negative
retard;Negative
hurtful;Negative
calculated;Negative
measured;Negative
consider;Negative
careful;Negative
moot;Negative
turn_over;Negative
designedly;Negative
on_purpose;Negative
by_design;Negative
purposely;Negative
by_choice;Negative
intentionally;Negative
measuredly;Negative
advisedly;Negative
juvenile_delinquency;Negative
willful_neglect;Negative
remiss;Negative
juvenile_delinquent;Negative
dying;Negative
death;Negative
crush;Negative
pulverise;Negative
pulverize;Negative
dismantled;Negative
razed;Negative
razing;Negative
leveling;Negative
tearing_down;Negative
wipeout;Negative
self-abnegation;Negative
abnegation;Negative
disaffirmation;Negative
self-denial;Negative
self-renunciation;Negative
defence;Negative
defense;Negative
demurrer;Negative
traverse;Negative
abnegate;Negative
minimize;Negative
belittle;Negative
derogate;Negative
belittling;Negative
eat_up;Negative
use_up;Negative
exhaust;Negative
wipe_out;Negative
run_through;Negative
eat;Negative
consume;Negative
dismay;Negative
deject;Negative
press_down;Negative
dispirit;Negative
lower;Negative
get_down;Negative
cast_down;Negative
dispirited;Negative
gloomy;Negative
low-spirited;Negative
downcast;Negative
grim;Negative
downhearted;Negative
down;Negative
down_in_the_mouth;Negative
cheerless;Negative
uncheerful;Negative
privation;Negative
neediness;Negative
impoverish;Negative
strip;Negative
dilapidated;Negative
tatterdemalion;Negative
decrepit;Negative
flea-bitten;Negative
woebegone;Negative
abandoned_ship;Negative
creaky;Negative
run-down;Negative
broken-down;Negative
tumble-down;Negative
bedraggled;Negative
ramshackle;Negative
derogative;Negative
destabilisation;Negative
destabilise;Negative
destruct;Negative
ruined;Negative
custody;Negative
detainment;Negative
dissuade;Negative
drop;Negative
decline_in_quality;Negative
determent;Negative
disincentive;Negative
take_away;Negative
noxiously;Negative
undervalue;Negative
devaluate;Negative
depreciate;Negative
ravage;Negative
lay_waste_to;Negative
waste;Negative
scourge;Negative
annihilating;Negative
annihilative;Negative
withering;Negative
crushing;Negative
desolation;Negative
ravaging;Negative
vary;Negative
diverge;Negative
depart;Negative
divergence;Negative
deflection;Negative
divagation;Negative
departure;Negative
deflexion;Negative
digression;Negative
return;Negative
hard;Negative
unmanageable;Negative
difficultness;Negative
decrease;Negative
lessen;Negative
lessened;Negative
atrophied;Negative
belittled;Negative
step-down;Negative
reduction;Negative
disfavour;Negative
differ;Negative
take_issue;Negative
disaccord;Negative
discord;Negative
dissonance;Negative
variance;Negative
dissension;Negative
prohibit;Negative
interdict;Negative
nix;Negative
proscribe;Negative
veto;Negative
go_away;Negative
evaporate;Negative
vanish;Negative
melt;Negative
fade;Negative
let_down;Negative
dissatisfactory;Negative
unsatisfying;Negative
dashing_hopes;Negative
letdown;Negative
dislike;Negative
disassociate;Negative
disjoint;Negative
disunite;Negative
dissociate;Negative
dissociation;Negative
disciplinal;Negative
corrective;Negative
disheartened;Negative
demoralised;Negative
demoralized;Negative
disbelieve;Negative
shamed;Negative
disgraced;Negative
variant;Negative
vomit_up;Negative
spill;Negative
cat;Negative
regurgitate;Negative
be_sick;Negative
upchuck;Negative
sick;Negative
chuck;Negative
vomit;Negative
spue;Negative
barf;Negative
purge;Negative
shed;Negative
retch;Negative
throw_up;Negative
puke;Negative
regorge;Negative
honk;Negative
spew;Negative
cast;Negative
puking;Negative
emesis;Negative
vomiting;Negative
regurgitation;Negative
ignominy;Negative
shame;Negative
attaint;Negative
inglorious;Negative
shameful;Negative
ignominious;Negative
shocking;Negative
shamefully;Negative
dishonourably;Negative
ignominiously;Negative
ingloriously;Negative
discreditably;Negative
venal;Negative
purchasable;Negative
bribable;Negative
corruptible;Negative
deceitfully;Negative
venally;Negative
knavery;Negative
dishonourable;Negative
unpatriotic;Negative
drear;Negative
disconsolate;Negative
drab;Negative
dreary;Negative
dingy;Negative
dark;Negative
drearily;Negative
dreadfully;Negative
sack;Negative
give_notice;Negative
discount;Negative
force_out;Negative
send_packing;Negative
throw_out;Negative
dissolve;Negative
usher_out;Negative
can;Negative
send_away;Negative
brush_off;Negative
brush_aside;Negative
give_the_axe;Negative
give_the_sack;Negative
push_aside;Negative
dismission;Negative
judgment_of_dismissal;Negative
release;Negative
sacking;Negative
pink_slip;Negative
liberation;Negative
judgement_of_dismissal;Negative
laid-off;Negative
discharged;Negative
pink-slipped;Negative
topsy-turvy;Negative
hugger-mugger;Negative
chaotic;Negative
jumbled;Negative
higgledy-piggledy;Negative
pick_at;Negative
derogation;Negative
dispraise;Negative
depreciation;Negative
slightingly;Negative
move;Negative
preempt;Negative
supplanting;Negative
translation;Negative
displacement_reaction;Negative
deracination;Negative
incline;Negative
toss_out;Negative
chuck_out;Negative
fling;Negative
cast_aside;Negative
qualify;Negative
put_away;Negative
discard;Negative
toss;Negative
cast_away;Negative
toss_away;Negative
throw_away;Negative
roofless;Negative
homeless;Negative
contravention;Negative
scrap;Negative
altercate;Negative
quarrel;Negative
argufy;Negative
indispose;Negative
disabling;Negative
forgotten;Negative
irrespective;Negative
no_matter;Negative
disregardless;Negative
to-do;Negative
perturbation;Negative
kerfuffle;Negative
hoo-ha;Negative
hoo-hah;Negative
commotion;Negative
flutter;Negative
hurly_burly;Negative
tumultuous;Negative
turbulent;Negative
disgruntled;Negative
dissatisfy;Negative
contestant;Negative
objector;Negative
dissentient;Negative
heretical;Negative
heterodox;Negative
looseness;Negative
licentiousness;Negative
breakup;Negative
dissipation;Negative
dissolving;Negative
disintegration;Negative
profligacy;Negative
adjournment;Negative
warp;Negative
color;Negative
deform;Negative
garble;Negative
wring;Negative
twist;Negative
twine;Negative
colour;Negative
contort;Negative
tinge;Negative
misshapen;Negative
twisted;Negative
perverted;Negative
deformed;Negative
ill-shapen;Negative
malformed;Negative
deformation;Negative
twisting;Negative
torture;Negative
overrefinement;Negative
distorted_shape;Negative
disquiet;Negative
unhinge;Negative
disorder;Negative
perturb;Negative
cark;Negative
distrait;Negative
misdirection;Negative
beguilement;Negative
straiten;Negative
distraint;Negative
disquieted;Negative
hard-pressed;Negative
in_a_bad_way;Negative
hard_put;Negative
dysphoric;Negative
worried;Negative
unhappy;Negative
raise_up;Negative
commove;Negative
shake_up;Negative
stir_up;Negative
agitate;Negative
fray;Negative
folie;Negative
psychological_disorder;Negative
ruffle;Negative
mental_disturbance;Negative
mental_disorder;Negative
noise;Negative
affray;Negative
brainsick;Negative
unhinged;Negative
unbalanced;Negative
mad;Negative
crazy;Negative
maladjusted;Negative
demented;Negative
troubling;Negative
distressing;Negative
distressful;Negative
perturbing;Negative
worrisome;Negative
diversionary_attack;Negative
recreation;Negative
disport;Negative
hive_off;Negative
amuse;Negative
entertained;Negative
amused;Negative
amusive;Negative
amusing;Negative
undress;Negative
disinvest;Negative
divorcement;Negative
uncertainty;Negative
dubiousness;Negative
dubiety;Negative
doubtfulness;Negative
incertitude;Negative
in_question;Negative
dubitable;Negative
tentative;Negative
dubious;Negative
downswing;Negative
downwardly;Negative
drop_back;Negative
trail;Negative
haul;Negative
retarding_force;Negative
drag_on;Negative
embroil;Negative
hang_back;Negative
cart;Negative
get_behind;Negative
drag_in;Negative
draw;Negative
drag_out;Negative
tangle;Negative
dredge;Negative
sweep_up;Negative
sweep;Negative
puff;Negative
scuff;Negative
drop_behind;Negative
dangle;Negative
throw_off;Negative
drop_off;Negative
knock_off;Negative
drip;Negative
pretermit;Negative
flatten;Negative
fell;Negative
unload;Negative
cast_off;Negative
drop_down;Negative
expend;Negative
dribble;Negative
set_down;Negative
leave_out;Negative
overleap;Negative
spend;Negative
sink;Negative
shake_off;Negative
drouth;Negative
disfunction;Negative
nonadaptive;Negative
relief;Negative
alleviate;Negative
allay;Negative
relieve;Negative
alleviation;Negative
facilitate;Negative
easement;Negative
still;Negative
ease;Negative
moderation;Negative
comfort;Negative
rank;Negative
flagrant;Negative
gross;Negative
glaring;Negative
crying;Negative
trade_stoppage;Negative
trade_embargo;Negative
stymy;Negative
stymie;Negative
abash;Negative
chagrined;Negative
mortified;Negative
abashed;Negative
mortifying;Negative
sticky;Negative
unenviable;Negative
overplus;Negative
superfluity;Negative
plethora;Negative
malversate;Negative
defalcate;Negative
peculate;Negative
defalcation;Negative
peculation;Negative
defalcator;Negative
peculator;Negative
impinge;Negative
trench;Negative
entrench;Negative
invasive;Negative
trespassing;Negative
trespass;Negative
impact;Negative
impingement;Negative
usurpation;Negative
invasion;Negative
constrain;Negative
cumber;Negative
preventive;Negative
preventative;Negative
jeopardise;Negative
menace;Negative
scupper;Negative
queer;Negative
jeopardy;Negative
order;Negative
tell;Negative
enjoinment;Negative
cease_and_desist_order;Negative
gnaw;Negative
gnaw_at;Negative
eat_away;Negative
eat_at;Negative
fret;Negative
wear_away;Negative
scoured;Negative
eating_away;Negative
wearing;Negative
wearing_away;Negative
corrosion;Negative
corroding;Negative
wandering;Negative
quicksilver;Negative
mercurial;Negative
fickle;Negative
planetary;Negative
temperamental;Negative
drift;Negative
stray;Negative
err;Negative
slip;Negative
error-prone;Negative
erroneous_belief;Negative
erroneousness;Negative
misplay;Negative
computer_error;Negative
step_up;Negative
intensify;Negative
bilk;Negative
equivocation;Negative
escape;Negative
dodging;Negative
dispossession;Negative
constructive_eviction;Negative
legal_ouster;Negative
overdraw;Negative
magnify;Negative
amplify;Negative
hyperbolise;Negative
overdo;Negative
hyperbolize;Negative
magnified;Negative
enlarged;Negative
overdone;Negative
hyperbole;Negative
magnification;Negative
exuberant;Negative
overweening;Negative
extravagant;Negative
overly;Negative
to_a_fault;Negative
too;Negative
vindicated;Negative
absolved;Negative
cleared;Negative
alibi;Negative
self-justification;Negative
vindication;Negative
effort;Negative
tap;Negative
overwork;Negative
work;Negative
feat;Negative
development;Negative
victimization;Negative
using;Negative
victimisation;Negative
exploitatory;Negative
exploitive;Negative
ill-used;Negative
put-upon;Negative
victimised;Negative
victimized;Negative
used;Negative
debunk;Negative
display;Negative
exhibit;Negative
unmasking;Negative
open;Negative
projection;Negative
ejection;Negative
forcing_out;Negative
riddance;Negative
extrusion;Negative
mitigate;Negative
palliate;Negative
extenuate;Negative
flunk;Negative
miscarry;Negative
bomb;Negative
flush_it;Negative
run_out;Negative
go_wrong;Negative
loser;Negative
unsuccessful_person;Negative
nonstarter;Negative
radioactive_dust;Negative
side_effect;Negative
off-key;Negative
treasonably;Negative
assumed;Negative
sham;Negative
put_on;Negative
imitation;Negative
pretended;Negative
traitorously;Negative
fictive;Negative
delusive;Negative
simulated;Negative
untrue;Negative
treacherously;Negative
faithlessly;Negative
FAUX;Negative
sour;Negative
falsehood;Negative
refutation;Negative
refutal;Negative
disproof;Negative
interpolate;Negative
cook;Negative
wangle;Negative
alter;Negative
falseness;Negative
human_death;Negative
blame;Negative
demerit;Negative
venerate;Negative
revere;Negative
fright;Negative
dread;Negative
awe;Negative
veneration;Negative
reverence;Negative
fearfulness;Negative
fancied;Negative
fictional;Negative
fabricated;Negative
ticket;Negative
break_water;Negative
fine;Negative
fin;Negative
amercement;Negative
go_off;Negative
raise;Negative
fuel;Negative
arouse;Negative
enkindle;Negative
kindle;Negative
evoke;Negative
elicit;Negative
open_fire;Negative
firing_off;Negative
inflammation;Negative
lighting;Negative
ignition;Negative
kindling;Negative
blemished;Negative
prevent;Negative
verboten;Negative
tabu;Negative
proscribed;Negative
prohibited;Negative
out;Negative
taboo;Negative
minacious;Negative
sinister;Negative
minatory;Negative
dour;Negative
baleful;Negative
menacing;Negative
ominous;Negative
drive;Negative
push;Negative
thrust;Negative
strength;Negative
ram;Negative
wedge;Negative
force_play;Negative
military_unit;Negative
forcefulness;Negative
force-out;Negative
impel;Negative
military_group;Negative
military_force;Negative
storm;Negative
power;Negative
personnel;Negative
constrained;Negative
waive;Negative
throw_overboard;Negative
forgo;Negative
antecede;Negative
precede;Negative
antedate;Negative
foreswear;Negative
dispense_with;Negative
predate;Negative
bygone;Negative
bypast;Negative
anticipate;Negative
foresee;Negative
counter;Negative
preclusion;Negative
obviation;Negative
pseudo;Negative
pretender;Negative
put-on;Negative
shammer;Negative
faker;Negative
imposter;Negative
pseud;Negative
impostor;Negative
hoax;Negative
role_player;Negative
humbug;Negative
dupery;Negative
duplicity;Negative
thwart;Negative
torment;Negative
scotch;Negative
baffle;Negative
foil;Negative
cross;Negative
crucify;Negative
dun;Negative
frustrative;Negative
thwarting;Negative
foiling;Negative
momentary;Negative
runaway;Negative
fleeting;Negative
fugitive_from_justice;Negative
momentaneous;Negative
fleer;Negative
gratis;Negative
complimentary;Negative
needless;Negative
uncalled-for;Negative
costless;Negative
free;Negative
score;Negative
grudge;Negative
baseless;Negative
wild;Negative
shamefaced;Negative
hangdog;Negative
kibosh;Negative
halting;Negative
freeze;Negative
stanch;Negative
stem;Negative
crippled;Negative
staunch;Negative
gimpy;Negative
game;Negative
lame;Negative
shackle;Negative
cramp;Negative
strangle;Negative
halter;Negative
chevvy;Negative
chivvy;Negative
chevy;Negative
beset;Negative
molest;Negative
harry;Negative
plague;Negative
chivy;Negative
hassle;Negative
molestation;Negative
rigour;Negative
rigor;Negative
grimness;Negative
severeness;Negative
rigourousness;Negative
rigorousness;Negative
asperity;Negative
trauma;Negative
coarse;Negative
abrasive;Negative
rough;Negative
raspingly;Negative
gratingly;Negative
scratchiness;Negative
stiffness;Negative
hardness;Negative
abrasiveness;Negative
roughness;Negative
inclemency;Negative
cruelness;Negative
cruelty;Negative
venture;Negative
pretend;Negative
gamble;Negative
chance;Negative
run_a_risk;Negative
stake;Negative
take_chances;Negative
fortune;Negative
guess;Negative
adventure;Negative
luck;Negative
take_a_chance;Negative
hind;Negative
obstructive;Negative
clogging;Negative
uncongenial;Negative
antagonism;Negative
aggression;Negative
ill_will;Negative
enmity;Negative
bruise;Negative
anguish;Negative
wounded;Negative
wound;Negative
ache;Negative
smart;Negative
spite;Negative
light;Negative
tick_over;Negative
jobless;Negative
unused;Negative
loose;Negative
out_of_work;Negative
laze;Negative
slug;Negative
idleness;Negative
loafing;Negative
unheeded;Negative
lawlessly;Negative
illegitimate;Negative
outlawed;Negative
illegitimately;Negative
unbalance;Negative
dissymmetry;Negative
asymmetry;Negative
unripe;Negative
unripened;Negative
green;Negative
young;Negative
unfledged;Negative
deflower;Negative
afflicted;Negative
disablement;Negative
constipation;Negative
disability;Negative
deadening;Negative
stultification;Negative
blind_alley;Negative
cul_de_sac;Negative
dead-end_street;Negative
obturate;Negative
occlude;Negative
jam;Negative
obstructor;Negative
impedimenta;Negative
obstructer;Negative
at_hand;Negative
impendent;Negative
impend;Negative
imminent;Negative
close_at_hand;Negative
jussive_mood;Negative
imperative_form;Negative
imperative_mood;Negative
imperfectness;Negative
entail;Negative
impossibleness;Negative
impossible_action;Negative
out_of_the_question;Negative
inconceivable;Negative
unimaginable;Negative
insufferable;Negative
unsufferable;Negative
pound;Negative
poundage;Negative
impoundment;Negative
internment;Negative
unworkable;Negative
infeasible;Negative
windy;Negative
Laputan;Negative
visionary;Negative
airy;Negative
immurement;Negative
captivity;Negative
unconventional;Negative
improperness;Negative
liberty;Negative
familiarity;Negative
indecorum;Negative
unprocurable;Negative
untouchable;Negative
unaccessible;Negative
inactiveness;Negative
demobilize;Negative
demobilise;Negative
deactivate;Negative
deactivation;Negative
inertia;Negative
inadequateness;Negative
unequal;Negative
unwittingly;Negative
unadvisable;Negative
unfitting;Negative
out_or_keeping;Negative
unequal_to;Negative
disable;Negative
incapacitate;Negative
helpless;Negative
disenable;Negative
gaol;Negative
jail;Negative
jug;Negative
put_behind_bars;Negative
remand;Negative
immure;Negative
imprison;Negative
relative_incidence;Negative
incidental;Negative
repugnance;Negative
mutual_exclusiveness;Negative
antagonistic;Negative
mismated;Negative
discrepant;Negative
contrastive;Negative
ill-sorted;Negative
bungling;Negative
fumbling;Negative
unskilled;Negative
incompetent_person;Negative
displaying_incompetence;Negative
uncomplete;Negative
rawness;Negative
incommode;Negative
disoblige;Negative
incommodiousness;Negative
troublesomeness;Negative
worriment;Negative
put_out;Negative
discommode;Negative
wrongness;Negative
uncomely;Negative
unbecoming;Negative
unseemly;Negative
indecorous;Negative
chargeable;Negative
bill_of_indictment;Negative
uneffective;Negative
ineffectual;Negative
inefficaciously;Negative
ineffectualness;Negative
ineffectuality;Negative
unfairness;Negative
inexperient;Negative
subscript;Negative
visit;Negative
inflict;Negative
impose;Negative
misdemeanour;Negative
conquer;Negative
bottle_up;Negative
stamp_down;Negative
suppress;Negative
inhibit;Negative
subdue;Negative
combat_injury;Negative
accidental_injury;Negative
extraordinarily;Negative
query;Negative
interrogation;Negative
enquiry;Negative
research;Negative
unstableness;Negative
rebelliousness;Negative
rising;Negative
revolt;Negative
uprising;Negative
rebellion;Negative
designed;Negative
knowing;Negative
step_in;Negative
intervene;Negative
interpose;Negative
intervention;Negative
meddlesome;Negative
busybodied;Negative
meddling;Negative
busy;Negative
officious;Negative
fitful;Negative
off-and-on;Negative
bullying;Negative
shut-in;Negative
disconfirming;Negative
invalidness;Negative
enquire;Negative
inquire;Negative
look_into;Negative
probe;Negative
unvoluntary;Negative
nonvoluntary;Negative
unreconcilable;Negative
guerilla;Negative
maverick;Negative
atypical;Negative
temporary;Negative
insurgent;Negative
second;Negative
unorthodox;Negative
guerrilla;Negative
geometrical_irregularity;Negative
unregularity;Negative
on_an_irregular_basis;Negative
wittingly;Negative
absent;Negative
missing;Negative
lacklustre;Negative
lustreless;Negative
lusterless;Negative
fall_back;Negative
retardation;Negative
meantime;Negative
dawdle;Negative
meanwhile;Negative
fall_behind;Negative
stave;Negative
slip_by;Negative
elapse;Negative
retrogress;Negative
go_along;Negative
backslide;Negative
regress;Negative
oversight;Negative
slide_by;Negative
reversion;Negative
reverting;Negative
slip_away;Negative
backsliding;Negative
relapsing;Negative
glide_by;Negative
relapse;Negative
go_by;Negative
recidivate;Negative
nonchurchgoing;Negative
tardily;Negative
lately;Negative
latterly;Negative
belatedly;Negative
former;Negative
recent;Negative
deep;Negative
later;Negative
belated;Negative
of_late;Negative
tardy;Negative
previous;Negative
recently;Negative
launder;Negative
prevarication;Negative
lie_in;Negative
dwell;Negative
Trygve_Lie;Negative
rest;Negative
consist;Negative
Trygve_Halvden_Lie;Negative
lie_down;Negative
hang_around;Negative
tarriance;Negative
mess_about;Negative
lounge;Negative
loiter;Negative
hover;Negative
lollygag;Negative
linger;Negative
footle;Negative
loaf;Negative
lallygag;Negative
lurk;Negative
mill_about;Negative
tarry;Negative
mill_around;Negative
neutralize;Negative
neutralise;Negative
pay_off;Negative
do_in;Negative
elimination;Negative
extermination;Negative
manslayer;Negative
receiver;Negative
murderer;Negative
litigator;Negative
process;Negative
action;Negative
judicial_proceeding;Negative
turn_a_loss;Negative
misplace;Negative
recede;Negative
mislay;Negative
going;Negative
personnel_casualty;Negative
passing;Negative
red;Negative
red_ink;Negative
expiration;Negative
losings;Negative
preoccupied;Negative
doomed;Negative
deep_in_thought;Negative
fabrication;Negative
misfunction;Negative
malevolence;Negative
spitefulness;Negative
maliciousness;Negative
malevolency;Negative
venom;Negative
keep_in_line;Negative
pull_strings;Negative
control;Negative
rig;Negative
pull_wires;Negative
use;Negative
handling;Negative
misestimate;Negative
misestimation;Negative
misreckoning;Negative
deviltry;Negative
maleficence;Negative
shenanigan;Negative
devilment;Negative
devilry;Negative
rascality;Negative
balefulness;Negative
mischief-making;Negative
roguishness;Negative
roguery;Negative
mischievousness;Negative
misbehave;Negative
actus_reus;Negative
wrongful_conduct;Negative
misdemean;Negative
misdate;Negative
misguide;Negative
misaddress;Negative
blow;Negative
bobble;Negative
bollocks_up;Negative
foul_up;Negative
mess_up;Negative
botch_up;Negative
fumble;Negative
bollocks;Negative
bodge;Negative
muff;Negative
ball_up;Negative
fuck_up;Negative
bungle;Negative
screw_up;Negative
louse_up;Negative
flub;Negative
bollix_up;Negative
bollix;Negative
muck_up;Negative
fluff;Negative
botch;Negative
bumble;Negative
misconceive;Negative
misapprehend;Negative
misconstrue;Negative
misread;Negative
be_amiss;Negative
uneven;Negative
mislaid;Negative
missy;Negative
fille;Negative
young_woman;Negative
girl;Negative
misfire;Negative
young_lady;Negative
stumble;Negative
trip;Negative
trip-up;Negative
misapprehension;Negative
misidentify;Negative
misguided;Negative
monopolist;Negative
monopolizer;Negative
monopoliser;Negative
monopolisation;Negative
monopolise;Negative
mothball;Negative
negatively_charged;Negative
minus;Negative
electronegative;Negative
neglectfulness;Negative
disuse;Negative
unattended;Negative
inattentive;Negative
disobedience;Negative
baulker;Negative
defiant;Negative
balker;Negative
nonconformist;Negative
nonconformism;Negative
nonconformance;Negative
override;Negative
object;Negative
expostulation;Negative
remonstrance;Negative
remonstration;Negative
obnoxious;Negative
exceptionable;Negative
offensively;Negative
obnoxiously;Negative
salacious;Negative
abhorrent;Negative
repugnant;Negative
detestable;Negative
lewd;Negative
raunchy;Negative
repulsive;Negative
dirty_word;Negative
smut;Negative
salaciousness;Negative
salacity;Negative
filth;Negative
bawdiness;Negative
lewdness;Negative
vulgarism;Negative
disused;Negative
offensive;Negative
offensive_activity;Negative
discourtesy;Negative
umbrage;Negative
appall;Negative
scandalize;Negative
pique;Negative
scandalise;Negative
shock;Negative
appal;Negative
pained;Negative
wrongdoer;Negative
take_out;Negative
except;Negative
leave_off;Negative
opportunist;Negative
timeserving;Negative
play_off;Negative
react;Negative
pit;Negative
match;Negative
enemy;Negative
resistance;Negative
foeman;Negative
oppositeness;Negative
foe;Negative
superannuated;Negative
out-of-date;Negative
antique;Negative
old-hat;Negative
outmode;Negative
ex;Negative
passee;Negative
old-fashioned;Negative
demode;Negative
passe;Negative
over-the-hill;Negative
overaged;Negative
weighed_down;Negative
bowed_down;Negative
surcharge;Negative
pluck;Negative
rob;Negative
hook;Negative
fleece;Negative
gazump;Negative
soak;Negative
plume;Negative
overwhelm;Negative
surmount;Negative
overtake;Negative
have_the_best;Negative
get_over;Negative
whelm;Negative
overpower;Negative
get_the_best;Negative
master;Negative
sweep_over;Negative
overappraisal;Negative
overvaluation;Negative
overrating;Negative
overreckoning;Negative
overrate;Negative
clog;Negative
overladen;Negative
command;Negative
look_out_on;Negative
overtop;Negative
look_out_over;Negative
dominate;Negative
look_across;Negative
unmarked;Negative
unnoted;Negative
commanding;Negative
dominating;Negative
overpay;Negative
overproduce;Negative
well_over;Negative
run_over;Negative
infest;Negative
invade;Negative
brim_over;Negative
overflow;Negative
shadow;Negative
eclipse;Negative
dwarf;Negative
glut;Negative
flood;Negative
surfeit;Negative
bowl_over;Negative
tip_over;Negative
tump_over;Negative
overrule;Negative
revolutionise;Negative
revolutionize;Negative
overthrow;Negative
turnover;Negative
knock_over;Negative
upturned;Negative
scare;Negative
terror;Negative
affright;Negative
penalise;Negative
punish;Negative
penalization;Negative
penalisation;Negative
riskiness;Negative
lying_under_oath;Negative
bearing_false_witness;Negative
commit;Negative
committal;Negative
commission;Negative
hang_on;Negative
prevail;Negative
hang_in;Negative
endure;Negative
die_hard;Negative
persevere;Negative
hold_on;Negative
remain;Negative
run;Negative
continuity;Negative
tenacity;Negative
persistency;Negative
doggedness;Negative
perseverance;Negative
tenaciousness;Negative
pertinacity;Negative
perseveration;Negative
relentless;Negative
tenacious;Negative
unrelenting;Negative
lasting;Negative
dogged;Negative
pertinacious;Negative
unyielding;Negative
haunting;Negative
dogging;Negative
permeating;Negative
permeative;Negative
permeant;Negative
lilliputian;Negative
niggling;Negative
petty_larceny;Negative
secondary;Negative
junior-grade;Negative
subaltern;Negative
petit_larceny;Negative
piffling;Negative
little;Negative
lower-ranking;Negative
fiddling;Negative
lowly;Negative
picayune;Negative
small-minded;Negative
trivial;Negative
piddling;Negative
footling;Negative
spotter;Negative
piquet;Negative
sentry;Negative
pale;Negative
lookout_man;Negative
sentinel;Negative
scout;Negative
lookout;Negative
complainant;Negative
supplication;Negative
imploring;Negative
beseeching;Negative
miserable;Negative
poor_people;Negative
misfortunate;Negative
hapless;Negative
pathetic;Negative
pitiful;Negative
wretched;Negative
piteous;Negative
pitiable;Negative
seedy;Negative
peaked;Negative
under_the_weather;Negative
sickly;Negative
unwell;Negative
indisposed;Negative
ailing;Negative
impersonate;Negative
personate;Negative
nonplus;Negative
position;Negative
sit;Negative
amaze;Negative
mystify;Negative
posture;Negative
place;Negative
bewilder;Negative
airs;Negative
flummox;Negative
dumbfound;Negative
stick;Negative
stupefy;Negative
mannerism;Negative
lay;Negative
model;Negative
puzzle;Negative
affectedness;Negative
pose;Negative
affectation;Negative
sitting;Negative
deferral;Negative
deferment;Negative
come_down;Negative
precipitate;Negative
overhasty;Negative
precipitant;Negative
hasty;Negative
rule_out;Negative
close_out;Negative
marauding;Negative
vulturine;Negative
predacious;Negative
raptorial;Negative
ravening;Negative
rapacious;Negative
vulturous;Negative
raiding;Negative
predaceous;Negative
preconception;Negative
prepossess;Negative
bias;Negative
discriminatory;Negative
weight-lift;Negative
iron_out;Negative
adjure;Negative
press;Negative
press_out;Negative
urge_on;Negative
constrict;Negative
compress;Negative
bid;Negative
beseech;Negative
iron;Negative
entreat;Negative
campaign;Negative
crusade;Negative
weightlift;Negative
exhort;Negative
weigh;Negative
compact;Negative
urge;Negative
pretrial_conference;Negative
keep;Negative
job;Negative
baffling;Negative
knotty;Negative
elusive;Negative
debatable;Negative
protract;Negative
extend;Negative
draw_out;Negative
keep_up;Negative
sustain;Negative
extension;Negative
lengthening;Negative
lengthiness;Negative
continuation;Negative
perpetuation;Negative
lengthy;Negative
elongated;Negative
drawn-out;Negative
lengthened;Negative
extended;Negative
prostrate;Negative
pursue;Negative
engage;Negative
pursuance;Negative
criminal_prosecution;Negative
protestation;Negative
demonstrator;Negative
stimulate;Negative
kick_up;Negative
call_forth;Negative
agitative;Negative
agitating;Negative
operose;Negative
toilsome;Negative
backbreaking;Negative
grueling;Negative
heavy;Negative
laborious;Negative
gruelling;Negative
arduous;Negative
punitory;Negative
spirit;Negative
propose;Negative
intent;Negative
purpose;Negative
supposedly;Negative
oppugn;Negative
interrogative_sentence;Negative
interrogate;Negative
interview;Negative
wonder;Negative
motion;Negative
interrogative;Negative
call_into_question;Negative
head;Negative
confutable;Negative
confutative;Negative
refutable;Negative
dubiously;Negative
skeptical;Negative
quizzical;Negative
inquisitive;Negative
doubting;Negative
wondering;Negative
sceptical;Negative
inquiring;Negative
drop_out;Negative
step_down;Negative
throw_in;Negative
take_leave;Negative
chuck_up_the_sponge;Negative
leave_office;Negative
throw_in_the_towel;Negative
fall_by_the_wayside;Negative
drop_by_the_wayside;Negative
systematization;Negative
systematisation;Negative
rationalisation;Negative
apologise;Negative
apologize;Negative
justify;Negative
review;Negative
reappraisal;Negative
revaluation;Negative
transfer;Negative
reminiscence;Negative
call_up;Negative
echo;Negative
call_in;Negative
withdraw;Negative
think;Negative
hark_back;Negative
remember;Negative
retrieve;Negative
recollection;Negative
recollect;Negative
come_back;Negative
call_back;Negative
callback;Negative
ceding_back;Negative
niche;Negative
corner;Negative
receding;Negative
recessional;Negative
recessive;Negative
heedless;Negative
foolhardy;Negative
heady;Negative
rash;Negative
rashness;Negative
foolhardiness;Negative
couch;Negative
reviser;Negative
redactor;Negative
rewriter;Negative
frame;Negative
rewrite_man;Negative
editing;Negative
remedy;Negative
remediation;Negative
defy;Negative
scraps;Negative
food_waste;Negative
garbage;Negative
turn_away;Negative
winnow_out;Negative
spurn;Negative
eliminate;Negative
cull;Negative
pooh-pooh;Negative
freeze_off;Negative
jilted;Negative
spurned;Negative
let_go_of;Negative
let_go;Negative
disinclination;Negative
indisposition;Negative
hesitancy;Negative
hesitation;Negative
loth;Negative
loath;Negative
renegociate;Negative
disown;Negative
renunciation;Negative
repair;Negative
mending;Negative
mend;Negative
fix;Negative
fixture;Negative
fixing;Negative
take_back;Negative
repossess;Negative
reclaim;Negative
debunking;Negative
surrender;Negative
repeat;Negative
reiterate;Negative
iterate;Negative
ingeminate;Negative
retell;Negative
reconstitute;Negative
avenge;Negative
strike_back;Negative
revenge;Negative
retributory;Negative
relatiative;Negative
retributive;Negative
vindicatory;Negative
vengeance;Negative
payback;Negative
requital;Negative
renege;Negative
guy;Negative
laugh_at;Negative
make_fun;Negative
rib;Negative
poke_fun;Negative
roast;Negative
derision;Negative
jest_at;Negative
countermine;Negative
counteract;Negative
ritual_killing;Negative
dirt;Negative
malicious_gossip;Negative
scandal;Negative
audit;Negative
inspect;Negative
scrutinise;Negative
take_stock;Negative
size_up;Negative
examination;Negative
silence;Negative
privacy;Negative
secretiveness;Negative
privateness;Negative
clutch;Negative
grab;Negative
assume;Negative
appropriate;Negative
take_over;Negative
get_hold_of;Negative
prehend;Negative
capture;Negative
prehension;Negative
grasping;Negative
taking_hold;Negative
good;Negative
sober;Negative
unplayful;Negative
earnestly;Negative
gravely;Negative
in_earnest;Negative
earnestness;Negative
distressfulness;Negative
serious-mindedness;Negative
sincerity;Negative
reversal;Negative
black_eye;Negative
discerp;Negative
lop;Negative
stern;Negative
austere;Negative
knockout;Negative
stark;Negative
terrible;Negative
wicked;Negative
spartan;Negative
sternly;Negative
austereness;Negative
acutely;Negative
crisply;Negative
aggressively;Negative
floor;Negative
dismayed;Negative
blow_out_of_the_water;Negative
traumatise;Negative
ball_over;Negative
aghast;Negative
take_aback;Negative
appalled;Negative
traumatize;Negative
dearth;Negative
famine;Negative
shoplifting;Negative
shrinking;Negative
keep_out;Negative
shut_out;Negative
irksome;Negative
slow_down;Negative
tedious;Negative
tiresome;Negative
boring;Negative
dim;Negative
slack;Negative
easy;Negative
behind;Negative
dense;Negative
wearisome;Negative
slacken;Negative
slow_up;Negative
ho-hum;Negative
decelerate;Negative
dumb;Negative
obtuse;Negative
deceleration;Negative
lento;Negative
unhurriedness;Negative
mental_retardation;Negative
ineptitude;Negative
clumsiness;Negative
deliberateness;Negative
deliberation;Negative
backwardness;Negative
subnormality;Negative
awkwardness;Negative
ineptness;Negative
maladroitness;Negative
sulky;Negative
inert;Negative
torpid;Negative
soggy;Negative
languor;Negative
flatness;Negative
lethargy;Negative
phlegm;Negative
lassitude;Negative
junk_e-mail;Negative
spammer;Negative
astonishing;Negative
swag;Negative
reel;Negative
flounder;Negative
stagger;Negative
astounding;Negative
keel;Negative
distribute;Negative
stupefying;Negative
lurch;Negative
careen;Negative
moribund;Negative
stagnancy;Negative
doldrums;Negative
stand;Negative
tie-up;Negative
steal;Negative
stopped-up;Negative
stop_over;Negative
intercept;Negative
stopped_up;Negative
fillet;Negative
full_stop;Negative
Chicago;Negative
plosive_speech_sound;Negative
full_point;Negative
layover;Negative
plosive_consonant;Negative
occlusive;Negative
point;Negative
stop_consonant;Negative
Michigan;Negative
Newmarket;Negative
boodle;Negative
plosive;Negative
diaphragm;Negative
stopover;Negative
period;Negative
tune;Negative
melodic_phrase;Negative
breed;Negative
melodic_line;Negative
mental_strain;Negative
var.;Negative
striving;Negative
nisus;Negative
strive;Negative
song;Negative
puree;Negative
filtrate;Negative
air;Negative
form;Negative
tenor;Negative
filter_out;Negative
sift;Negative
pains;Negative
nervous_strain;Negative
melody;Negative
tense_up;Negative
sieve;Negative
separate_out;Negative
try;Negative
filter;Negative
agonistic;Negative
labored;Negative
laboured;Negative
strenuous;Negative
emphasise;Negative
emphasis;Negative
accentuate;Negative
tension;Negative
focus;Negative
accent;Negative
punctuate;Negative
emphasize;Negative
tenseness;Negative
accented;Negative
nerve-racking;Negative
nerve-wracking;Negative
trying;Negative
rigorous;Negative
tight;Negative
subject;Negative
subjugate;Negative
subjugation;Negative
conquest;Negative
conquering;Negative
subpoena_ad_testificandum;Negative
Eugene_Sue;Negative
digest;Negative
stick_out;Negative
stomach;Negative
meet;Negative
abide;Negative
have;Negative
brook;Negative
put_up;Negative
excruciation;Negative
agony;Negative
woe;Negative
muster;Negative
come_up;Negative
muster_up;Negative
cite;Negative
mobilise;Negative
summon;Negative
mobilize;Negative
marshal;Negative
evocation;Negative
bidding;Negative
susceptibleness;Negative
surmise;Negative
distrust;Negative
funny;Negative
fishy;Negative
shady;Negative
mistrust;Negative
set_aside;Negative
dangling;Negative
temporary_removal;Negative
suspension_system;Negative
abeyance;Negative
reprieve;Negative
abatement;Negative
hanging;Negative
hiatus;Negative
intuition;Negative
misgiving;Negative
suspiciousness;Negative
hunch;Negative
mistrustful;Negative
wary;Negative
untrusting;Negative
leery;Negative
contamination;Negative
infect;Negative
meddle;Negative
monkey;Negative
fiddle;Negative
tamper;Negative
complete;Negative
ended;Negative
over;Negative
concluded;Negative
all_over;Negative
endpoint;Negative
expiry;Negative
end_point;Negative
resultant;Negative
result;Negative
final_result;Negative
outcome;Negative
terminus;Negative
evidence;Negative
show;Negative
prove;Negative
take_the_stand;Negative
attest;Negative
bear_witness;Negative
lowering;Negative
sullen;Negative
tighten_up;Negative
stiffen;Negative
fasten;Negative
tighten;Negative
allow;Negative
permit;Negative
sufferance;Negative
acceptance;Negative
winding;Negative
Byzantine;Negative
twisty;Negative
voluminous;Negative
tangled;Negative
convoluted;Negative
involved;Negative
tragical;Negative
fuss;Negative
ail;Negative
trouble_oneself;Negative
inconvenience_oneself;Negative
upheaval;Negative
Sturm_und_Drang;Negative
turbulency;Negative
hullabaloo;Negative
agitation;Negative
convulsion;Negative
tumult;Negative
excitement;Negative
unaccepted;Negative
intolerably;Negative
unheralded;Negative
out_of_the_blue;Negative
unlooked-for;Negative
untempting;Negative
unauthorised;Negative
wildcat;Negative
inaccessibility;Negative
inescapable;Negative
ineluctable;Negative
ineluctably;Negative
inescapably;Negative
inevitably;Negative
incognizant;Negative
ungathered;Negative
extortionate;Negative
conscienceless;Negative
outrageous;Negative
exorbitant;Negative
steep;Negative
irrepressible;Negative
indocile;Negative
ungovernable;Negative
uncorrectable;Negative
unruly;Negative
undisciplined;Negative
unveil;Negative
stripping;Negative
husking;Negative
denudation;Negative
baring;Negative
find;Negative
discovery;Negative
tenderloin;Negative
undersell;Negative
lowball;Negative
underrate;Negative
underrating;Negative
underreckoning;Negative
cave;Negative
underpay;Negative
underachieve;Negative
underproduce;Negative
downplay;Negative
minimise;Negative
unpretentious;Negative
unostentatious;Negative
unsought;Negative
undecided;Negative
indeterminate;Negative
unrevealed;Negative
unemployed_people;Negative
below_the_belt;Negative
unfavourably;Negative
softness;Negative
unfortunate_person;Negative
regrettably;Negative
alas;Negative
unluckily;Negative
unrealized;Negative
unrealised;Negative
unwilled;Negative
unwitting;Negative
insupportable;Negative
unwarrantable;Negative
indefensible;Negative
inexcusably;Negative
ignorantness;Negative
unknowingness;Negative
nescience;Negative
unknowledgeable;Negative
ignorant;Negative
unlicenced;Negative
unaccredited;Negative
unvendible;Negative
untenanted;Negative
volunteer;Negative
recreational;Negative
amateur;Negative
capriciousness;Negative
unprofitableness;Negative
unentitled;Negative
immoderately;Negative
treacherous;Negative
undependable;Negative
dissonant;Negative
unsolved;Negative
tempestuousness;Negative
ferment;Negative
fermentation;Negative
restless;Negative
ungratified;Negative
unsated;Negative
unsatiated;Negative
unsavoury;Negative
distasteful;Negative
mentally_ill;Negative
precarious;Negative
fluid;Negative
uncorroborated;Negative
stillborn;Negative
abortive;Negative
unsuitableness;Negative
inapplicable;Negative
diffident;Negative
incertain;Negative
timid;Negative
uncertain;Negative
shy;Negative
unsuspicious;Negative
unseasonable;Negative
ill-timed;Negative
mendaciously;Negative
unserviceable;Negative
unuseable;Negative
unwished;Negative
unwished-for;Negative
involuntariness;Negative
swage;Negative
untune;Negative
derangement;Negative
discomfit;Negative
discompose;Negative
importunity;Negative
urging;Negative
vigorish;Negative
malicious_mischief;Negative
hooliganism;Negative
finding_of_fact;Negative
dupe;Negative
victim;Negative
despoil;Negative
plunder;Negative
desecrate;Negative
profaned;Negative
irreverence;Negative
ravisher;Negative
debaucher;Negative
lawbreaker;Negative
law_offender;Negative
fury;Negative
furiousness;Negative
fierceness;Negative
vehemence;Negative
ferocity;Negative
vehement;Negative
fierce;Negative
trigger-happy;Negative
tearing;Negative
crimson;Negative
evacuate;Negative
excreting;Negative
evacuation;Negative
excretion;Negative
explosive;Negative
excitability;Negative
excitableness;Negative
exposure;Negative
admonition;Negative
word_of_advice;Negative
monition;Negative
purposeless;Negative
haggard;Negative
pointless;Negative
emaciate;Negative
gaunt;Negative
pine_away;Negative
emaciated;Negative
macerate;Negative
bony;Negative
squander;Negative
squandered;Negative
senseless;Negative
run_off;Negative
cadaverous;Negative
otiose;Negative
superfluous;Negative
ware;Negative
languish;Negative
pinched;Negative
rot;Negative
skeletal;Negative
cachexia;Negative
wasting_away;Negative
atrophy;Negative
cachexy;Negative
watery;Negative
infirm;Negative
frail;Negative
feeble;Negative
sapless;Negative
faint;Negative
rickety;Negative
washy;Negative
fallible;Negative
unaccented;Negative
imperfect;Negative
debile;Negative
de-escalate;Negative
attenuated;Negative
attenuate;Negative
faded;Negative
enfeebling;Negative
debilitative;Negative
enervating;Negative
impuissance;Negative
helplessness;Negative
wilfully;Negative
bedevilment;Negative
badgering;Negative
pip;Negative
rack_up;Negative
whip;Negative
vile;Negative
ugly;Negative
slimy;Negative
unworthy;Negative
despicable;Negative
haywire;Negative
amiss;Negative
wrongfulness;Negative
awry;Negative
able-bodied;Positive
capable;Positive
copiousness;Positive
teemingness;Positive
acclaim;Positive
hail;Positive
spat;Positive
applaud;Positive
clap;Positive
herald;Positive
carry_through;Positive
carry_out;Positive
fulfil;Positive
execute;Positive
action;Positive
fulfill;Positive
realised;Positive
completed;Positive
effected;Positive
established;Positive
complete;Positive
realized;Positive
skill;Positive
acquisition;Positive
acquirement;Positive
advance;Positive
onward_motion;Positive
forward_motion;Positive
progression;Positive
procession;Positive
promotion;Positive
furtherance;Positive
set_ahead;Positive
bring_forward;Positive
encourage;Positive
come_along;Positive
betterment;Positive
approach;Positive
raise;Positive
feeler;Positive
get_on;Positive
further;Positive
get_ahead;Positive
pull_ahead;Positive
supercharge;Positive
throw_out;Positive
gain_ground;Positive
come_on;Positive
pass_on;Positive
move_on;Positive
cash_advance;Positive
make_headway;Positive
kick_upstairs;Positive
go_on;Positive
rise;Positive
elevate;Positive
upgrade;Positive
march_on;Positive
get_along;Positive
shape_up;Positive
overture;Positive
promote;Positive
forward-moving;Positive
forward;Positive
vantage;Positive
well;Positive
alignment;Positive
confederation;Positive
alinement;Positive
coalition;Positive
bond;Positive
ascertain;Positive
guarantee;Positive
secure;Positive
control;Positive
insure;Positive
see_to_it;Positive
promise;Positive
reassure;Positive
check;Positive
ensure;Positive
tell;Positive
arrive_at;Positive
chance_upon;Positive
make;Positive
strike;Positive
chance_on;Positive
discover;Positive
light_upon;Positive
happen_upon;Positive
come_across;Positive
fall_upon;Positive
come_upon;Positive
attraction;Positive
attractively;Positive
welfare;Positive
do_good;Positive
respectable;Positive
outflank;Positive
considerably;Positive
C._H._Best;Positive
intimately;Positive
practiced;Positive
salutary;Positive
unspoiled;Positive
in_effect;Positive
serious;Positive
safe;Positive
ripe;Positive
upright;Positive
topper;Positive
outdo;Positive
skilful;Positive
near;Positive
skillful;Positive
substantially;Positive
unspoilt;Positive
comfortably;Positive
full;Positive
estimable;Positive
just;Positive
adept;Positive
scoop;Positive
honest;Positive
in_force;Positive
trump;Positive
undecomposed;Positive
expert;Positive
right;Positive
Charles_Herbert_Best;Positive
sound;Positive
dear;Positive
meliorate;Positive
amend;Positive
punter;Positive
ameliorate;Positive
bettor;Positive
wagerer;Positive
pad;Positive
bolster_up;Positive
bolster;Positive
long_pillow;Positive
flourish;Positive
gold_rush;Positive
din;Positive
gravy;Positive
roaring;Positive
boom_out;Positive
smash;Positive
roar;Positive
windfall;Positive
bunce;Positive
godsend;Positive
manna_from_heaven;Positive
bonanza;Positive
thunder;Positive
thrive;Positive
nail;Positive
microphone_boom;Positive
blast;Positive
expand;Positive
flourishing;Positive
thriving;Positive
stentorian;Positive
palmy;Positive
hike_up;Positive
hike;Positive
cost_increase;Positive
discovery;Positive
find;Positive
magnificent;Positive
brainy;Positive
splendid;Positive
bright;Positive
glorious;Positive
vivid;Positive
smart_as_a_whip;Positive
superb;Positive
large-hearted;Positive
benevolent;Positive
good-hearted;Positive
sympathetic;Positive
openhearted;Positive
kindly;Positive
cooperate;Positive
get_together;Positive
join_forces;Positive
coaction;Positive
quislingism;Positive
collaborationism;Positive
collaborationist;Positive
cooperator;Positive
henchman;Positive
confederate;Positive
partner_in_crime;Positive
pardner;Positive
partner;Positive
quisling;Positive
congratulate;Positive
gratis;Positive
gratuitous;Positive
costless;Positive
free;Positive
wish;Positive
regard;Positive
once_and_for_all;Positive
contributing;Positive
contributory;Positive
contributive;Positive
tributary;Positive
convinced;Positive
sure-footed;Positive
surefooted;Positive
gracious;Positive
nice;Positive
originative;Positive
creative_thinking;Positive
enthrall;Positive
transport;Positive
enchant;Positive
enrapture;Positive
joy;Positive
ravish;Positive
revel;Positive
delectation;Positive
please;Positive
enthral;Positive
captivated;Positive
beguiled;Positive
entranced;Positive
enthralled;Positive
charmed;Positive
delicious;Positive
reliability;Positive
dependableness;Positive
reliableness;Positive
rock-steady;Positive
steady-going;Positive
true;Positive
reliable;Positive
suitable;Positive
desire;Positive
sought_after;Positive
craved;Positive
want;Positive
coveted;Positive
hope;Positive
trust;Positive
in_demand;Positive
contempt;Positive
disdain;Positive
scorn;Positive
doom;Positive
fate;Positive
specify;Positive
designate;Positive
bound;Positive
intend;Positive
destine;Positive
persevering;Positive
differentiation;Positive
eminence;Positive
note;Positive
classifiable;Positive
typical;Positive
disparateness;Positive
speciality;Positive
peculiarity;Positive
specialness;Positive
specialty;Positive
woolgather;Positive
stargaze;Positive
ambition;Positive
aspiration;Positive
pipe_dream;Positive
daydream;Positive
dreaming;Positive
comfortable;Positive
well-fixed;Positive
light;Positive
wanton;Positive
well-heeled;Positive
sluttish;Positive
loose;Positive
easygoing;Positive
leisurely;Positive
well-off;Positive
gentle;Positive
promiscuous;Positive
well-situated;Positive
well-to-do;Positive
slow;Positive
tardily;Positive
slowly;Positive
effectual;Positive
efficacious;Positive
expeditiously;Positive
indue;Positive
gift;Positive
endue;Positive
authorise;Positive
endow;Positive
invest;Positive
authorize;Positive
sceptered;Positive
sceptred;Positive
bucked_up;Positive
supporting;Positive
heighten;Positive
sweetening;Positive
love;Positive
savor;Positive
relish;Positive
bask;Positive
savour;Positive
pleasurable;Positive
gratifying;Positive
agreeably;Positive
use;Positive
exuberance;Positive
ebullience;Positive
sky-high;Positive
excellency;Positive
fantabulous;Positive
first-class;Positive
stand_out;Positive
excel;Positive
particular;Positive
prodigious;Positive
olympian;Positive
exceeding;Positive
especial;Positive
special;Positive
mad;Positive
energise;Positive
frantic;Positive
commove;Positive
stimulate;Positive
sex;Positive
shake_up;Positive
worked_up;Positive
wind_up;Positive
delirious;Positive
energize;Positive
rouse;Positive
charge_up;Positive
arouse;Positive
excite;Positive
charge;Positive
agitate;Positive
aroused;Positive
shake;Positive
turn_on;Positive
stir;Positive
unrestrained;Positive
emotional;Positive
activated;Positive
hullabaloo;Positive
excitation;Positive
turmoil;Positive
fervor;Positive
upheaval;Positive
inflammation;Positive
exhilaration;Positive
agitation;Positive
fervour;Positive
single;Positive
undivided;Positive
sole;Positive
solely;Positive
only;Positive
alone;Positive
entirely;Positive
clannishness;Positive
cliquishness;Positive
warning;Positive
emblematic;Positive
model;Positive
admonitory;Positive
cautionary;Positive
typic;Positive
monitory;Positive
wonderful;Positive
fantastical;Positive
wild;Positive
howling;Positive
antic;Positive
grand;Positive
marvelous;Positive
rattling;Positive
wondrous;Positive
terrific;Positive
grotesque;Positive
marvellous;Positive
favourable;Positive
golden;Positive
lucky;Positive
well-disposed;Positive
favourably;Positive
prefer;Positive
pet;Positive
preferent;Positive
best-loved;Positive
preferred;Positive
favor;Positive
favour;Positive
privilege;Positive
favourite;Positive
dearie;Positive
front-runner;Positive
ducky;Positive
darling;Positive
deary;Positive
earn;Positive
realize;Positive
amplification;Positive
take_in;Positive
bring_in;Positive
increase;Positive
addition;Positive
put_on;Positive
acquire;Positive
derive;Positive
gather;Positive
realise;Positive
pull_in;Positive
clear;Positive
thoroughly;Positive
soundly;Positive
goodness;Positive
trade_good;Positive
outstanding;Positive
groovy;Positive
with_child;Positive
large;Positive
enceinte;Positive
nifty;Positive
dandy;Positive
smashing;Positive
keen;Positive
peachy;Positive
slap-up;Positive
majuscule;Positive
swell;Positive
corking;Positive
heavy;Positive
bang-up;Positive
expectant;Positive
gravid;Positive
neat;Positive
bully;Positive
not_bad;Positive
cracking;Positive
sterling;Positive
superlative;Positive
illustriousness;Positive
immensity;Positive
vastness;Positive
enormousness;Positive
wideness;Positive
immenseness;Positive
grandness;Positive
sizeableness;Positive
glad;Positive
well-chosen;Positive
felicitous;Positive
gayly;Positive
blithely;Positive
jubilantly;Positive
merrily;Positive
mirthfully;Positive
felicity;Positive
eminent;Positive
gamey;Positive
gamy;Positive
in_high_spirits;Positive
high-pitched;Positive
high;Positive
mellow;Positive
respect;Positive
abide_by;Positive
accolade;Positive
laurels;Positive
purity;Positive
pureness;Positive
award;Positive
observe;Positive
honour;Positive
ethical;Positive
honourable;Positive
esteemed;Positive
observance;Positive
idealistic;Positive
nonsuch;Positive
saint;Positive
apotheosis;Positive
nonesuch;Positive
paragon;Positive
nonpareil;Positive
affect;Positive
ingrain;Positive
imprint;Positive
move;Positive
shanghai;Positive
impressment;Positive
print;Positive
yarn-dye;Positive
instill;Positive
telling;Positive
imposingly;Positive
melioration;Positive
up;Positive
unbelievable;Positive
implausibly;Positive
unbelievably;Positive
fabulously;Positive
improbably;Positive
fantastically;Positive
enlightening;Positive
informatory;Positive
illuminating;Positive
instructive;Positive
ingeniousness;Positive
cleverness;Positive
introduce;Positive
institution;Positive
founding;Positive
excogitation;Positive
instauration;Positive
foundation;Positive
design;Positive
origination;Positive
creation;Positive
initiation;Positive
conception;Positive
introduction;Positive
groundbreaking;Positive
forward-looking;Positive
innovational;Positive
modern;Positive
advanced;Positive
pioneer;Positive
trailblazer;Positive
groundbreaker;Positive
divine_guidance;Positive
stirring;Positive
intake;Positive
breathing_in;Positive
inhalation;Positive
brainchild;Positive
unity;Positive
wholeness;Positive
contrive;Positive
make_up;Positive
forge;Positive
excogitate;Positive
cook_up;Positive
devise;Positive
manufacture;Positive
formulate;Positive
fabricate;Positive
imaginative;Positive
discoverer;Positive
artificer;Positive
leaders;Positive
conduct;Positive
pass;Positive
contribute;Positive
direct;Positive
in_the_lead;Positive
result;Positive
conduce;Positive
starring;Positive
run;Positive
prima;Positive
leave;Positive
extend;Positive
moderate;Positive
head;Positive
precede;Positive
go;Positive
guide;Positive
star;Positive
stellar;Positive
chair;Positive
patriotic;Positive
fast;Positive
truehearted;Positive
firm;Positive
remunerative;Positive
moneymaking;Positive
meritable;Positive
chance;Positive
affirmative;Positive
surmount;Positive
outstrip;Positive
outmatch;Positive
outgo;Positive
exceed;Positive
everlasting;Positive
unadulterated;Positive
perfective_tense;Positive
staring;Positive
utter;Positive
perfect_tense;Positive
consummate;Positive
double-dyed;Positive
arrant;Positive
thoroughgoing;Positive
hone;Positive
gross;Positive
sodding;Positive
pure;Positive
perfective;Positive
stark;Positive
absolutely;Positive
dead;Positive
utterly;Positive
cheerily;Positive
sunnily;Positive
proud_of;Positive
pleasance;Positive
bountiful;Positive
copious;Positive
ample;Positive
rich;Positive
plenteous;Positive
democratic;Positive
pop;Positive
overconfident;Positive
prescribed;Positive
positive_degree;Positive
incontrovertible;Positive
positivist;Positive
positively_charged;Positive
cocksure;Positive
plus;Positive
confirming;Positive
positivistic;Positive
electropositive;Positive
irrefutable;Positive
Prime_Minister;Positive
prime;Positive
PM;Positive
chancellor;Positive
prestigiousness;Positive
technique;Positive
technical;Positive
lucrativeness;Positive
gainfulness;Positive
profitableness;Positive
fruitfully;Positive
productively;Positive
build;Positive
build_up;Positive
work_up;Positive
prosper;Positive
fly_high;Positive
successfulness;Positive
halcyon;Positive
recoil;Positive
repercussion;Positive
spring;Positive
reverberate;Positive
resile;Positive
bounce;Positive
backlash;Positive
take_a_hop;Positive
ricochet;Positive
open;Positive
centripetal;Positive
sensory;Positive
retrieve;Positive
recover;Positive
restitution;Positive
restoration;Positive
return;Positive
firmness_of_purpose;Positive
firmness;Positive
declaration;Positive
decide;Positive
resoluteness;Positive
answer;Positive
resolution;Positive
conclude;Positive
settle;Positive
adjudicate;Positive
dissolve;Positive
break_up;Positive
solve;Positive
purpose;Positive
overturn;Positive
revolutionise;Positive
inspire;Positive
reinforcement;Positive
repay;Positive
payoff;Positive
reinforce;Positive
wages;Positive
pay_back;Positive
atonement;Positive
gratification;Positive
expiation;Positive
acceptable;Positive
slaked;Positive
fill;Positive
quenched;Positive
live_up_to;Positive
meet;Positive
gratify;Positive
comforting;Positive
square;Positive
solid;Positive
hearty;Positive
substantial;Positive
cheering;Positive
polish;Positive
liquid;Positive
shine;Positive
politic;Positive
fluent;Positive
legato;Positive
tranquil;Positive
smoothen;Positive
bland;Positive
placid;Positive
quiet;Positive
still;Positive
suave;Positive
fluid;Positive
unruffled;Positive
smooth_out;Positive
swimmingly;Positive
lick;Positive
figure_out;Positive
puzzle_out;Positive
work_out;Positive
work;Positive
striking;Positive
dramatic;Positive
salient;Positive
prominent;Positive
stunningly;Positive
stableness;Positive
constancy;Positive
stabilisation;Positive
stabilise;Positive
steady;Positive
brace;Positive
stabilised;Positive
stabilising;Positive
unchanging;Positive
horse_barn;Positive
static;Positive
enduringness;Positive
intensity_level;Positive
military_strength;Positive
military_posture;Positive
posture;Positive
strong_suit;Positive
strong_point;Positive
persuasiveness;Positive
forcefulness;Positive
force;Positive
forte;Positive
durability;Positive
long_suit;Positive
potency;Positive
intensity;Positive
military_capability;Positive
lastingness;Positive
metier;Positive
effectiveness;Positive
tone_up;Positive
beef_up;Positive
fortify;Positive
tone;Positive
reinforced;Positive
stiff;Positive
hard;Positive
potent;Positive
impregnable;Positive
unassailable;Positive
unattackable;Positive
inviolable;Positive
warm;Positive
bring_home_the_bacon;Positive
follow;Positive
come_after;Positive
deliver_the_goods;Positive
come_through;Positive
next;Positive
future;Positive
achiever;Positive
succeeder;Positive
higher-up;Positive
superordinate;Positive
superscript;Positive
victor;Positive
ranking;Positive
higher-ranking;Positive
Lake_Superior;Positive
master;Positive
go_by;Positive
go_past;Positive
pass_by;Positive
transcend;Positive
travel_by;Positive
transcendent;Positive
foil;Positive
transparence;Positive
transparentness;Positive
frightful;Positive
terrible;Positive
awful;Positive
enormous;Positive
staggeringly;Positive
enormously;Positive
hugely;Positive
unrivaled;Positive
unmatchable;Positive
unpaired;Positive
unmated;Positive
unrivalled;Positive
peerless;Positive
odd;Positive
matchless;Positive
one;Positive
one_and_only;Positive
unequalled;Positive
unique;Positive
unequaled;Positive
unexcelled;Positive
unexceeded;Positive
worthful;Positive
various;Positive
reverberance;Positive
resonance;Positive
sonorousness;Positive
sonority;Positive
ringing;Positive
plangency;Positive
vivacious;Positive
profits;Positive
winnings;Positive
fetching;Positive
victorious;Positive
suspension;Neutral
most;Neutral
about;Neutral
near;Neutral
nigh;Neutral
virtually;Neutral
well-nigh;Neutral
adjustment;Neutral
revision;Neutral
modification;Neutral
change;Neutral
equivocalness;Neutral
equivocal;Neutral
foretell;Neutral
foresee;Neutral
look_to;Neutral
forebode;Neutral
promise;Neutral
previse;Neutral
forestall;Neutral
counter;Neutral
foreknow;Neutral
prognosticate;Neutral
call;Neutral
expect;Neutral
look_for;Neutral
awaited;Neutral
hoped-for;Neutral
expectancy;Neutral
prevision;Neutral
expectation;Neutral
ostensible;Neutral
patent;Neutral
evident;Neutral
manifest;Neutral
plain;Neutral
unmistakable;Neutral
seeming;Neutral
patently;Neutral
plainly;Neutral
seemingly;Neutral
on_the_face_of_it;Neutral
obviously;Neutral
manifestly;Neutral
ostensibly;Neutral
evidently;Neutral
seem;Neutral
come_out;Neutral
come_along;Neutral
look;Neutral
appearance;Neutral
coming_into_court;Neutral
judge;Neutral
gauge;Neutral
guess;Neutral
come_close;Neutral
estimate;Neutral
approximative;Neutral
rough;Neutral
close_together;Neutral
just_about;Neutral
more_or_less;Neutral
close_to;Neutral
some;Neutral
around;Neutral
or_so;Neutral
estimation;Neutral
idea;Neutral
bringing_close_together;Neutral
at_random;Neutral
willy-nilly;Neutral
indiscriminately;Neutral
every_which_way;Neutral
haphazardly;Neutral
whimsicality;Neutral
flightiness;Neutral
whimsey;Neutral
capriciousness;Neutral
whimsy;Neutral
strike;Neutral
take_up;Neutral
simulate;Neutral
feign;Neutral
adopt;Neutral
take_on;Neutral
don;Neutral
seize;Neutral
wear;Neutral
sham;Neutral
get_into;Neutral
put_on;Neutral
usurp;Neutral
arrogate;Neutral
acquire;Neutral
take_for_granted;Neutral
take_over;Neutral
accept;Neutral
fictitious;Neutral
pretended;Neutral
fictive;Neutral
false;Neutral
presumptuous;Neutral
assumptive;Neutral
supposition;Neutral
premiss;Neutral
laying_claim;Neutral
presumptuousness;Neutral
premise;Neutral
August_15;Neutral
effrontery;Neutral
supposal;Neutral
Assumption_of_Mary;Neutral
conceive;Neutral
consider;Neutral
think;Neutral
trust;Neutral
impression;Neutral
notion;Neutral
feeling;Neutral
belief;Neutral
opinion;Neutral
timid;Neutral
conservative;Neutral
guardedly;Neutral
carefully;Neutral
conservatively;Neutral
caution;Neutral
carefulness;Neutral
illumination;Neutral
elucidation;Neutral
clearing;Neutral
imaginable;Neutral
contingence;Neutral
eventuality;Neutral
dependent_upon;Neutral
depending_on;Neutral
dependent_on;Neutral
contingent_upon;Neutral
dependant_upon;Neutral
contingent_on;Neutral
dependant_on;Neutral
detail;Neutral
crossway;Neutral
carrefour;Neutral
intersection;Neutral
crossing;Neutral
hamlet;Neutral
juncture;Neutral
critical_point;Neutral
bet;Neutral
reckon;Neutral
count;Neutral
calculate;Neutral
addiction;Neutral
dependance;Neutral
habituation;Neutral
colony;Neutral
pendent;Neutral
dependant;Neutral
strung-out;Neutral
pendant;Neutral
subject;Neutral
qualified;Neutral
subordinate;Neutral
drug-addicted;Neutral
hooked;Neutral
disagree;Neutral
dissent;Neutral
take_issue;Neutral
vulnerability;Neutral
picture;Neutral
pic;Neutral
photograph;Neutral
photo;Neutral
waver;Neutral
vacillate;Neutral
wavering;Neutral
blot_out;Neutral
secret;Neutral
hide_out;Neutral
obscure;Neutral
veil;Neutral
shroud;Neutral
obliterate;Neutral
hide;Neutral
conceal;Neutral
concealed;Neutral
cover;Neutral
out_of_sight;Neutral
enshroud;Neutral
hinge;Neutral
flexible_joint;Neutral
impreciseness;Neutral
improbableness;Neutral
marvelous;Neutral
unbelievable;Neutral
unconvincing;Neutral
tall;Neutral
unlikely;Neutral
marvellous;Neutral
indeterminateness;Neutral
indefinity;Neutral
indetermination;Neutral
indeterminacy;Neutral
inexactitude;Neutral
imbalance;Neutral
unstableness;Neutral
unbalance;Neutral
nonphysical;Neutral
intangible_asset;Neutral
impalpable;Neutral
likeliness;Neutral
whitethorn;Neutral
Crataegus_laevigata;Neutral
Crataegus_oxycantha;Neutral
English_hawthorn;Neutral
mayhap;Neutral
peradventure;Neutral
perchance;Neutral
mightiness;Neutral
power;Neutral
closely;Neutral
intimately;Neutral
on_occasion;Neutral
now_and_again;Neutral
at_times;Neutral
once_in_a_while;Neutral
from_time_to_time;Neutral
now_and_then;Neutral
normally;Neutral
unremarkably;Neutral
commonly;Neutral
usually;Neutral
opening;Neutral
theory;Neutral
possibleness;Neutral
possible_action;Neutral
hypothesis;Neutral
potential;Neutral
guard;Neutral
safeguard;Neutral
forethought;Neutral
care;Neutral
precautional;Neutral
bode;Neutral
auspicate;Neutral
portend;Neutral
foreshadow;Neutral
augur;Neutral
omen;Neutral
prefigure;Neutral
betoken;Neutral
presage;Neutral
forecast;Neutral
forecasting;Neutral
prognostication;Neutral
foretelling;Neutral
prognosticative;Neutral
prognostic;Neutral
soothsayer;Neutral
prognosticator;Neutral
forecaster;Neutral
prelim;Neutral
overture;Neutral
prelude;Neutral
presumptively;Neutral
make_bold;Neutral
dare;Neutral
given;Neutral
precondition;Neutral
chance;Neutral
likely;Neutral
credibly;Neutral
in_all_likelihood;Neutral
belike;Neutral
in_all_probability;Neutral
plausibly;Neutral
believably;Neutral
randomise;Neutral
randomised;Neutral
haphazardness;Neutral
noise;Neutral
S;Neutral
entropy;Neutral
stochasticity;Neutral
reevaluate;Neutral
follow-up;Neutral
followup;Neutral
redirect_examination;Neutral
review;Neutral
re-explain;Neutral
rescript;Neutral
retool;Neutral
revisal;Neutral
risk_of_exposure;Neutral
danger;Neutral
jeopardy;Neutral
put_on_the_line;Neutral
hazard;Neutral
lay_on_the_line;Neutral
gamble;Neutral
run_a_risk;Neutral
take_chances;Neutral
adventure;Neutral
endangerment;Neutral
risk_of_infection;Neutral
peril;Neutral
take_a_chance;Neutral
rumor;Neutral
bruit;Neutral
hearsay;Neutral
rumour;Neutral
rarely;Neutral
quondam;Neutral
erstwhile;Neutral
former;Neutral
old;Neutral
one-time;Neutral
onetime;Neutral
slightly;Neutral
middling;Neutral
reasonably;Neutral
passably;Neutral
fairly;Neutral
pretty;Neutral
moderately;Neutral
jolly;Neutral
someplace;Neutral
theorize;Neutral
muse;Neutral
hypothecate;Neutral
ruminate;Neutral
conjecture;Neutral
meditate;Neutral
mull;Neutral
suppose;Neutral
hypothesize;Neutral
contemplate;Neutral
chew_over;Neutral
excogitate;Neutral
reflect;Neutral
job;Neutral
ponder;Neutral
hypothesise;Neutral
think_over;Neutral
mull_over;Neutral
theorise;Neutral
venture;Neutral
surmise;Neutral
meditation;Neutral
surmisal;Neutral
high-risk;Neutral
notional;Neutral
inquisitive;Neutral
wondering;Neutral
bad;Neutral
questioning;Neutral
periodically;Neutral
of_a_sudden;Neutral
all_of_a_sudden;Neutral
short;Neutral
abruptly;Neutral
dead;Neutral
on_the_spur_of_the_moment;Neutral
evoke;Neutral
advise;Neutral
intimate;Neutral
indicate;Neutral
propose;Neutral
hint;Neutral
paint_a_picture;Neutral
incline;Neutral
minded;Neutral
aid;Neutral
attention;Neutral
be_given;Neutral
run;Neutral
disposed;Neutral
lean;Neutral
apt;Neutral
tend;Neutral
probationary;Neutral
provisionary;Neutral
provisional;Neutral
changeable;Neutral
unsealed;Neutral
incertain;Neutral
unsure;Neutral
falteringly;Neutral
unsteadily;Neutral
uncertainness;Neutral
dubiousness;Neutral
dubiety;Neutral
doubtfulness;Neutral
incertitude;Neutral
precariousness;Neutral
undecipherable;Neutral
ill-defined;Neutral
unreadable;Neutral
indecipherable;Neutral
unresolved;Neutral
open;Neutral
on_the_fence;Neutral
insensible;Neutral
indiscernible;Neutral
strangeness;Neutral
unsecured;Neutral
nameless;Neutral
unnamed;Neutral
unsung;Neutral
terra_incognita;Neutral
strange;Neutral
alien;Neutral
unknown_quantity;Neutral
unknown_region;Neutral
stranger;Neutral
wrong;Neutral
untimely;Neutral
ill-timed;Neutral
unnerve;Neutral
enervate;Neutral
faze;Neutral
unsettle;Neutral
broad;Neutral
young;Neutral
untried;Neutral
unseasoned;Neutral
outstandingly;Neutral
unco;Neutral
remarkably;Neutral
spontaneous;Neutral
oral;Neutral
ad-lib;Neutral
vagary;Neutral
dim;Neutral
faint;Neutral
shadowy;Neutral
wispy;Neutral
mistily;Neutral
variableness;Neutral
unevenness;Neutral
variable_quantity;Neutral
variable_star;Neutral
divergence;Neutral
discrepancy;Neutral
disagreement;Neutral
division;Neutral
form;Neutral
random_variable;Neutral
strain;Neutral
var.;Neutral
stochastic_variable;Neutral
edition;Neutral
chance_variable;Neutral
variate;Neutral
version;Neutral
magnetic_declination;Neutral
mutation;Neutral
sport;Neutral
pas_seul;Neutral
mutant;Neutral
magnetic_variation;Neutral
wide-ranging;Neutral
diverge;Neutral
depart;Neutral
variegate;Neutral
motley;Neutral
alter;Neutral
excitability;Neutral
excitableness;Neutral
free;Negative
shrive;Negative
justify;Negative
vindicated;Negative
cleared;Negative
clear;Negative
exonerated;Negative
access;Negative
assenting;Negative
addition;Negative
admittance;Negative
rise_to_power;Negative
entree;Negative
take_on;Negative
win;Negative
gain;Negative
assume;Negative
grow;Negative
larn;Negative
produce;Negative
evolve;Negative
learn;Negative
acquire;Negative
get;Negative
develop;Negative
adopt;Negative
release;Negative
supplement;Negative
postscript;Negative
addendum;Negative
withdraw;Negative
retire;Negative
break_up;Negative
recess;Negative
dissolution;Negative
hold;Negative
declare;Negative
try;Negative
decide;Negative
judge;Negative
settle;Negative
resolve;Negative
admission_charge;Negative
price_of_admission;Negative
admission_price;Negative
entrance_fee;Negative
entrance_money;Negative
admission_fee;Negative
aggrieve;Negative
grieve;Negative
repair;Negative
better;Negative
rectify;Negative
improve;Negative
ameliorate;Negative
meliorate;Negative
remedy;Negative
correctable;Negative
redress;Negative
restitution;Negative
damages;Negative
reparation;Negative
ancestor;Negative
root;Negative
ascendent;Negative
forerunner;Negative
solicitation;Negative
entreaty;Negative
attract;Negative
invoke;Negative
charm;Negative
collection;Negative
appealingness;Negative
ingathering;Negative
prayer;Negative
likeable;Negative
sympathetic;Negative
likable;Negative
plaintiff_in_error;Negative
accessory;Negative
add-on;Negative
gear;Negative
paraphernalia;Negative
adjuvant;Negative
adjunct;Negative
ancillary;Negative
auxiliary;Negative
intermediate;Negative
liaise;Negative
intercede;Negative
arbitrament;Negative
arbitrement;Negative
umpire;Negative
arbiter;Negative
ascendance;Negative
dominance;Negative
ascendence;Negative
control;Negative
ascendency;Negative
ascensive;Negative
dominating;Negative
affirmable;Negative
parceling;Negative
allotment;Negative
parcelling;Negative
tryst;Negative
apportionment;Negative
apportioning;Negative
allocation;Negative
evidence;Negative
demonstrate;Negative
take_the_stand;Negative
manifest;Negative
certify;Negative
bear_witness;Negative
documented;Negative
authenticated;Negative
beneficiate;Negative
ore_processing;Negative
mineral_dressing;Negative
ore_dressing;Negative
mineral_extraction;Negative
mineral_processing;Negative
writ_of_certiorari;Negative
ceding;Negative
movable;Negative
personal_chattel;Negative
exact;Negative
lay_claim;Negative
arrogate;Negative
call;Negative
title;Negative
clawback;Negative
co-defendant;Negative
code;Negative
go_for;Negative
accept;Negative
physical_composition;Negative
US_Constitution;Negative
fundamental_law;Negative
make-up;Negative
U.S._Constitution;Negative
United_States_Constitution;Negative
organization;Negative
formation;Negative
Old_Ironsides;Negative
organisation;Negative
Constitution_of_the_United_States;Negative
makeup;Negative
organic_law;Negative
composition;Negative
establishment;Negative
inbuilt;Negative
inherent;Negative
organic;Negative
constituent;Negative
built-in;Negative
integral;Negative
interpret;Negative
contention;Negative
arguing;Negative
controversy;Negative
tilt;Negative
disputation;Negative
disceptation;Negative
argument;Negative
sign_up;Negative
sign_on;Negative
contract_bridge;Negative
cut;Negative
narrow;Negative
concentrate;Negative
condense;Negative
declaration;Negative
press;Negative
constrict;Negative
compress;Negative
shorten;Negative
sign;Negative
foreshorten;Negative
abbreviate;Negative
shrink;Negative
reduce;Negative
undertake;Negative
compact;Negative
abridge;Negative
squeeze;Negative
catching;Negative
infringe;Negative
run_afoul;Negative
negate;Negative
conflict;Negative
contradict;Negative
dispute;Negative
refute;Negative
oppose;Negative
conveyance_of_title;Negative
transport;Negative
impartation;Negative
imparting;Negative
transfer;Negative
transportation;Negative
conveying;Negative
conveyancing;Negative
transferral;Negative
conterminous;Negative
coextensive;Negative
advise;Negative
advocate;Negative
counsellor;Negative
counselor-at-law;Negative
pleader;Negative
guidance;Negative
direction;Negative
rede;Negative
counselor;Negative
counselling;Negative
counseling;Negative
lawcourt;Negative
motor_lodge;Negative
courtyard;Negative
solicit;Negative
judicature;Negative
tribunal;Negative
royal_court;Negative
motor_hotel;Negative
woo;Negative
tourist_court;Negative
Margaret_Court;Negative
motor_inn;Negative
court_of_justice;Negative
court_of_law;Negative
romance;Negative
homage;Negative
criminalism;Negative
criminalness;Negative
outlaw;Negative
illegalise;Negative
illegalize;Negative
criminalise;Negative
deceased_person;Negative
dead_person;Negative
departed;Negative
deceased;Negative
dead_soul;Negative
order;Negative
fiat;Negative
rescript;Negative
edict;Negative
rule;Negative
prescribed;Negative
appointed;Negative
ordained;Negative
embezzlement;Negative
peculation;Negative
misapplication;Negative
misappropriation;Negative
defensible;Negative
respect;Negative
respectfulness;Negative
complaisance;Negative
obligingness;Negative
compliance;Negative
compliancy;Negative
except;Negative
demur;Negative
demurral;Negative
denial;Negative
defence;Negative
defense;Negative
depone;Negative
force_out;Negative
swear;Negative
deposit;Negative
dethronement;Negative
belittle;Negative
minimize;Negative
denigrate;Negative
disparagement;Negative
depreciation;Negative
refrain;Negative
abstain;Negative
contrive;Negative
prepare;Negative
machinate;Negative
forge;Negative
excogitate;Negative
invent;Negative
get_up;Negative
devise;Negative
devisee;Negative
organize;Negative
formulate;Negative
organise;Negative
eviction;Negative
exorcism;Negative
legal_ouster;Negative
distress;Negative
deal_out;Negative
propagate;Negative
parcel_out;Negative
dispense;Negative
pass_out;Negative
dish_out;Negative
dole_out;Negative
deal;Negative
hand_out;Negative
disperse;Negative
pass_around;Negative
mete_out;Negative
administer;Negative
disseminate;Negative
stagger;Negative
circulate;Negative
distribute;Negative
allot;Negative
spread;Negative
pass_on;Negative
shell_out;Negative
lot;Negative
broadcast;Negative
give_out;Negative
diffuse;Negative
circularise;Negative
circularize;Negative
agenda;Negative
schedule;Negative
beneficiary;Negative
donee;Negative
punctually;Negative
excise;Negative
strike;Negative
scratch;Negative
expunge;Negative
forbid;Negative
disallow;Negative
prohibit;Negative
interdict;Negative
prevent;Negative
forestall;Negative
foreclose;Negative
nix;Negative
preclude;Negative
proscribe;Negative
veto;Negative
hold_back;Negative
longanimity;Negative
patience;Negative
longanimous;Negative
directly;Negative
straightaway;Negative
right_away;Negative
at_once;Negative
like_a_shot;Negative
now;Negative
straight_off;Negative
immediately;Negative
instantly;Negative
promotion;Negative
advancement;Negative
forwarding;Negative
futurity;Negative
afterlife;Negative
time_to_come;Negative
future;Negative
hereditament;Negative
so_far;Negative
up_to_now;Negative
as_yet;Negative
yet;Negative
hitherto;Negative
until_now;Negative
thus_far;Negative
til_now;Negative
incorporeality;Negative
incipient;Negative
incontestible;Negative
undisputable;Negative
indisputable;Negative
recompense;Negative
compensate;Negative
insurance;Negative
endorse;Negative
support;Negative
plunk_for;Negative
indorse;Negative
plump_for;Negative
second;Negative
to_that_extent;Negative
to_that_degree;Negative
in_so_far;Negative
come_in;Negative
put_in;Negative
throw_in;Negative
intervene;Negative
step_in;Negative
inject;Negative
interfere;Negative
interject;Negative
intervention;Negative
interpellation;Negative
interjection;Negative
interpolation;Negative
question;Negative
query;Negative
inquiry;Negative
interrogative;Negative
interrogative_sentence;Negative
enquiry;Negative
examination;Negative
inquisitor;Negative
irrevokable;Negative
discriminative;Negative
juridic;Negative
juridical;Negative
judicial_system;Negative
bench;Negative
judicatory;Negative
panel;Negative
legal_power;Negative
legal_philosophy;Negative
legal_expert;Negative
jurywoman;Negative
DoJ;Negative
Justice_Department;Negative
justness;Negative
Department_of_Justice;Negative
police;Negative
practice_of_law;Negative
natural_law;Negative
police_force;Negative
law_of_nature;Negative
constabulary;Negative
true;Negative
rule-governed;Negative
legitimate;Negative
licit;Negative
rightful;Negative
legitimately;Negative
licitly;Negative
de_jure;Negative
lawgiver;Negative
lawmaker;Negative
Torah;Negative
Pentateuch;Negative
suit;Negative
causa;Negative
cause;Negative
case;Negative
sound;Negative
effectual;Negative
legalisation;Negative
legitimation;Negative
legitimize;Negative
decriminalise;Negative
legitimise;Negative
decriminalize;Negative
legalise;Negative
legitimatize;Negative
legitimatise;Negative
pass;Negative
statute_law;Negative
legislative_body;Negative
legislative_assembly;Negative
law-makers;Negative
general_assembly;Negative
calumnious;Negative
slanderous;Negative
libellous;Negative
denigratory;Negative
denigrating;Negative
defamatory;Negative
calumniatory;Negative
denigrative;Negative
disputatious;Negative
contentious;Negative
combative;Negative
disputative;Negative
writ_of_mandamus;Negative
middle;Negative
in-between;Negative
intermediation;Negative
intermediator;Negative
intercessor;Negative
go-between;Negative
intermediary;Negative
furthermore;Negative
what_is_more;Negative
move;Negative
motion;Negative
movement;Negative
apparent_motion;Negative
gesticulate;Negative
motility;Negative
gesture;Negative
apparent_movement;Negative
notary_public;Negative
notarise;Negative
nevertheless;Negative
however;Negative
withal;Negative
still;Negative
nonetheless;Negative
all_the_same;Negative
even_so;Negative
void;Negative
nihility;Negative
nothingness;Negative
accommodate;Negative
obligate;Negative
oblige;Negative
compel;Negative
bind;Negative
offence;Negative
offensive;Negative
criminal_offense;Negative
offensive_activity;Negative
criminal_offence;Negative
discourtesy;Negative
law-breaking;Negative
umbrage;Negative
offerer;Negative
reverse;Negative
overthrow;Negative
overturn;Negative
override;Negative
Belem;Negative
paratrooper;Negative
St._Mary_of_Bethlehem;Negative
Feliz_Lusitania;Negative
Para_River;Negative
Santa_Maria_de_Belem;Negative
parity;Negative
postulation;Negative
orison;Negative
request;Negative
suer;Negative
suppliant;Negative
supplicant;Negative
plight;Negative
drink;Negative
subscribe;Negative
salute;Negative
wassail;Negative
pledge;Negative
toast;Negative
presumably;Negative
star;Negative
leading;Negative
stellar;Negative
starring;Negative
probate_will;Negative
provisionary;Negative
tentative;Negative
provisional;Negative
parolee;Negative
student_nurse;Negative
exclaim;Negative
proclaim;Negative
published;Negative
proclamation;Negative
announcement;Negative
public_prosecutor;Negative
prosecuting_officer;Negative
prosecuting_attorney;Negative
provision;Negative
penal;Negative
quitclaim_deed;Negative
rateable;Negative
rebutter;Negative
resort;Negative
refuge;Negative
correction;Negative
recusation;Negative
shape;Negative
regularise;Negative
baffle;Negative
determine;Negative
mold;Negative
influence;Negative
govern;Negative
modulate;Negative
regularize;Negative
regularization;Negative
regularisation;Negative
ordinance;Negative
governor;Negative
retry;Negative
relistening;Negative
exhaust;Negative
issue;Negative
give_up;Negative
discharge;Negative
unfreeze;Negative
let_go;Negative
put_out;Negative
unloosen;Negative
resign;Negative
relinquish;Negative
eject;Negative
turn;Negative
publish;Negative
loose;Negative
expel;Negative
liberate;Negative
unblock;Negative
bring_out;Negative
let_go_of;Negative
unloose;Negative
secrete;Negative
remit;Negative
gaol;Negative
jail;Negative
jug;Negative
put_behind_bars;Negative
lag;Negative
send_back;Negative
put_away;Negative
immure;Negative
imprison;Negative
repeal;Negative
vacate;Negative
revoke;Negative
countermand;Negative
annul;Negative
lift;Negative
recission;Negative
reigning;Negative
harness;Negative
prevail;Negative
predominate;Negative
reign;Negative
rein;Negative
dominate;Negative
find;Negative
opinion;Negative
regnant;Negative
small_town;Negative
colonization;Negative
resolution;Negative
closure;Negative
village;Negative
colonisation;Negative
colony;Negative
liquidation;Negative
dissociable;Negative
separable;Negative
singly;Negative
independently;Negative
on_an_individual_basis;Negative
separately;Negative
respectively;Negative
one_by_one;Negative
individually;Negative
severing;Negative
falling_out;Negative
rift;Negative
rupture;Negative
legislative_act;Negative
subrogate;Negative
supplant;Negative
supervene_upon;Negative
supercede;Negative
replace;Negative
hostage;Negative
security;Negative
guarantor;Negative
warranter;Negative
endpoint;Negative
term;Negative
terminal_figure;Negative
destination;Negative
terminal;Negative
depot;Negative
end_point;Negative
termination;Negative
testimonial;Negative
therefore;Negative
hence;Negative
thus;Negative
so;Negative
in_that;Negative
in_this;Negative
on_that;Negative
on_it;Negative
to_that;Negative
to_it;Negative
under_it;Negative
under_that;Negative
civil_wrong;Negative
unexploded;Negative
owing;Negative
outstanding;Negative
trespass;Negative
violation;Negative
intrusion;Negative
encroachment;Negative
emptor;Negative
buyer;Negative
purchaser;Negative
rescindable;Negative
warrantee;Negative
warrant;Negative
warranty;Negative
guarantee;Negative
any;Negative
why;Negative
whistleblower;Negative
whistle_blower;Negative
whistle-blower;Negative
self-willed;Negative
froward;Negative
headstrong;Negative
unruliness;Negative
fractiousness;Negative
wilfulness;Negative
viewer;Negative
spectator;Negative
attestator;Negative
watcher;Negative
attestor;Negative
informant;Negative
witnesser;Negative
attestant;Negative
looker;Negative
judicial_writ;Negative
support;Negative
stay;Negative
stick_out;Negative
stomach;Negative
stand;Negative
put_up;Negative
endure;Negative
bide;Negative
suffer;Negative
digest;Negative
tolerate;Negative
brook;Negative
enduring;Negative
imperishable;Negative
truss;Negative
destined;Negative
articled;Negative
bond;Negative
hold;Negative
jump;Negative
border;Negative
tie_down;Negative
attach;Negative
recoil;Negative
rebound;Negative
tie_up;Negative
reverberate;Negative
resile;Negative
bounce;Negative
bounds;Negative
bandage;Negative
ricochet;Negative
leap;Negative
bind;Negative
indentured;Negative
throttle;Negative
stick_to;Negative
spring;Negative
constipate;Negative
trammel;Negative
tie;Negative
take_a_hop;Negative
boundary;Negative
apprenticed;Negative
hold_fast;Negative
stick;Negative
adhere;Negative
leaping;Negative
bandaged;Negative
edge;Negative
saltation;Negative
delimited;Negative
intrust;Negative
trust;Negative
dedicate;Negative
entrust;Negative
place;Negative
institutionalize;Negative
practice;Negative
invest;Negative
institutionalise;Negative
perpetrate;Negative
charge;Negative
devote;Negative
send;Negative
confide;Negative
give;Negative
consecrate;Negative
consignment;Negative
loyalty;Negative
allegiance;Negative
committal;Negative
committedness;Negative
dedication;Negative
attached;Negative
abide_by;Negative
follow;Negative
tighten_up;Negative
stiffen;Negative
tighten;Negative
cumber;Negative
strained;Negative
forced;Negative
constrictive;Negative
compact;Negative
concordat;Negative
dependence;Negative
addiction;Negative
dependency;Negative
habituation;Negative
strung-out;Negative
qualified;Negative
drug-addicted;Negative
hooked;Negative
prescribe;Negative
order;Negative
determined;Negative
directional;Negative
directing;Negative
guiding;Negative
allow;Negative
trademark;Negative
reserve;Negative
stylemark;Negative
set_aside;Negative
appropriate;Negative
hallmark;Negative
imply;Negative
mean;Negative
fee-tail;Negative
implicate;Negative
impinge;Negative
trench;Negative
encroach;Negative
intrench;Negative
dig_in;Negative
bring_down;Negative
levy;Negative
enforce;Negative
visit;Negative
inflict;Negative
distinguished;Negative
baronial;Negative
magisterial;Negative
grand;Negative
stately;Negative
noble;Negative
infliction;Negative
conquer;Negative
curb;Negative
bottle_up;Negative
stamp_down;Negative
suppress;Negative
subdue;Negative
assert;Negative
importune;Negative
take_a_firm_stand;Negative
press;Negative
insistency;Negative
pressure;Negative
imperativeness;Negative
specify;Negative
determine;Negative
define;Negative
limit_point;Negative
terminus_ad_quem;Negative
point_of_accumulation;Negative
demarcation;Negative
fix;Negative
circumscribe;Negative
limitation;Negative
demarcation_line;Negative
terminal_point;Negative
qualifying;Negative
modification;Negative
authorisation;Negative
authorization;Negative
mandatary;Negative
involve;Negative
ask;Negative
need;Negative
postulate;Negative
call_for;Negative
demand;Negative
debt_instrument;Negative
duty;Negative
responsibility;Negative
certificate_of_indebtedness;Negative
indebtedness;Negative
accommodate;Negative
duty-bound;Negative
allowable;Negative
license;Negative
permit;Negative
countenance;Negative
let;Negative
assurance;Negative
plight;Negative
drink;Negative
subscribe;Negative
salute;Negative
wassail;Negative
toast;Negative
sworn;Negative
presumption;Negative
condition;Negative
given;Negative
predetermined;Negative
forestall;Negative
foreclose;Negative
keep;Negative
disallow;Negative
interdict;Negative
nix;Negative
proscribe;Negative
veto;Negative
verboten;Negative
tabu;Negative
banned;Negative
taboo;Negative
proscribed;Negative
out;Negative
ban;Negative
prohibition_era;Negative
proscription;Negative
forbiddance;Negative
inhibition;Negative
forbear;Negative
abstain;Negative
chorus;Negative
desist;Negative
command;Negative
want;Negative
expect;Negative
requisite;Negative
needed;Negative
needful;Negative
prerequisite;Negative
necessary;Negative
necessity;Negative
essential;Negative
keep_back;Negative
hold_back;Negative
intimidate;Negative
guarded;Negative
unemotional;Negative
moderate;Negative
reticent;Negative
quiet;Negative
control;Negative
simplicity;Negative
simpleness;Negative
chasteness;Negative
curtail;Negative
qualify;Negative
cut_back;Negative
unpermissiveness;Negative
specification;Negative
judicial_admission;Negative
nonindulgent;Negative
exacting;Negative
rigorous;Negative
rigid;Negative
stern;Negative
hard-and-fast;Negative
rigorously;Negative
stringently;Negative
purely;Negative
dip;Negative
dips;Negative
dipped;Negative
dipping;Negative
blaze;Negative
blazes;Negative
blazed;Negative
blazing;Negative
brightens;Positive
brighter;Positive
weather;Positive
weathers;Positive
weathered;Positive
weathering;Positive
sinks;Negative
sank;Negative
sinking;Negative
piques;Positive
rebounds;Negative
drops;Negative
dropping;Negative
brighter;Positive
plunge;Negative
plunges;Negative
plunged;Negative
plunging;Negative
maintains;Positive
maintained;Positive
maintaining;Positive
momentum;Positive
dive;Negative
bloodbath;Negative
retreat;Negative
retreats;Negative
retreated;Negative
retreating;Negative
vogue;Positive
plummet;Negative
plummets;Negative
plummeted;Negative
plummeting;Negative
brunt;Negative
breather;Positive
prioritize;Positive
rally;Positive
rallies;Positive
robust;Positive
stall;Negative
stalls;Negative
stalling;Negative
stalled;Negative
blacklist;Negative
soft;Negative
softer;Negative
see-saw;Negative
climb;Positive
climbs;Positive
resilient;Positive
slide;Negative
slides;Negative
recovery;Positive
protect;Positive
protects;Positive
slumber;Negative
meltdown;Negative
buoyed;Positive
rout;Negative
shines;Positive
new record;Positive
record highs;Positive
record high;Positive
record lows;Negative
record low;Negative
record production;Positive
on track;Positive
back foot;Negative
price halves;Negative
